/*
Navicat MySQL Data Transfer

Source Server         : localhost
Source Server Version : 50505
Source Host           : localhost:3306
Source Database       : nutdesign_db

Target Server Type    : MYSQL
Target Server Version : 50505
File Encoding         : 65001

Date: 2021-04-20 18:06:52
*/

SET FOREIGN_KEY_CHECKS=0;

-- ----------------------------
-- Table structure for account
-- ----------------------------
DROP TABLE IF EXISTS `account`;
CREATE TABLE `account` (
  `id` int(11) NOT NULL AUTO_INCREMENT,
  `customer_id` int(11) DEFAULT NULL COMMENT 'รหัสลูกค้า',
  `ref` varchar(50) DEFAULT NULL COMMENT 'ref อ้างอิงลูกค้า',
  `link` varchar(255) DEFAULT NULL COMMENT 'ลิงแนบใบเสนอราคา',
  `ref_account` varchar(100) DEFAULT NULL COMMENT 'รหัสอ้างอิงอัพโหลดไฟล์',
  `user_id` int(11) DEFAULT NULL COMMENT 'ผู้บันทึกงาน',
  `last_dep` int(11) DEFAULT NULL COMMENT 'แผนกที่ส่งมา',
  `status` int(1) DEFAULT 0 COMMENT '0 = ยังไม่รับงาน 1 = รับงาน 2 = งานถูกยกเลิก',
  `approve` int(1) DEFAULT 0 COMMENT '0 = งานยังไม่approve 1 = งาน approve แล้ว',
  `create_date` timestamp NULL DEFAULT NULL COMMENT 'วันที่รับบงาน',
  `update_date` timestamp NULL DEFAULT NULL ON UPDATE current_timestamp() COMMENT 'วันที่แก้ไขล่าสุด',
  `detail` text DEFAULT NULL COMMENT 'อื่น ๆ',
  `file` varchar(255) DEFAULT NULL COMMENT 'แนบใบเสนอราคา',
  PRIMARY KEY (`id`)
) ENGINE=MyISAM AUTO_INCREMENT=9 DEFAULT CHARSET=utf8 COMMENT='ตารางแผนกบัญชี';

-- ----------------------------
-- Records of account
-- ----------------------------
INSERT INTO `account` VALUES ('1', null, 'cKFxaRmd48wawnBIKP6gp9', '', null, '2', null, '2', '0', '2021-04-20 10:08:07', '2021-04-20 15:27:50', '', 'c8331c7f25da7ec6b47db48a512a4bed.pdf');
INSERT INTO `account` VALUES ('6', null, 'EVawA3izzajfxIR9lREUdr', '', null, '2', null, '1', '0', '2021-04-20 14:37:51', '2021-04-20 14:37:51', 'ทดสอบ', '72e2fe53cc3fd3e910019d8ad0d30b78.pdf');
INSERT INTO `account` VALUES ('7', null, 'iaEY0EcmD4yUAgS39owt6t', 'https://www.google.co.th/', null, '2', null, '1', '0', '2021-04-20 15:20:28', '2021-04-20 15:20:28', 'ออกใบเสนอราคาแล้ว', null);
INSERT INTO `account` VALUES ('8', null, 'M3WXmZ9MvqSupx-IMQMhhy', '', null, '1', null, '1', '0', '2021-04-20 16:09:33', '2021-04-20 16:09:33', '', 'b94a2594eedb864e860a49d3a2a19a5f.docx');

-- ----------------------------
-- Table structure for customer
-- ----------------------------
DROP TABLE IF EXISTS `customer`;
CREATE TABLE `customer` (
  `id` int(11) unsigned NOT NULL AUTO_INCREMENT,
  `project_name` varchar(255) DEFAULT NULL COMMENT 'ชื่องาน',
  `customer` varchar(100) DEFAULT NULL COMMENT 'ชื่อ-สกุล / หน่วยงาน ผู้ว่าจ้าง',
  `tel` varchar(100) DEFAULT NULL COMMENT 'เบอร์โทรศัพท์',
  `channel` int(3) DEFAULT NULL COMMENT 'ช่องทางที่ลูกค้าติดต่อ',
  `channel_etc` varchar(255) DEFAULT NULL COMMENT 'อื่น ๆ ระบุ เช่น line Id',
  `address` varchar(255) DEFAULT NULL COMMENT 'ที่อยู่',
  `typework` int(11) DEFAULT NULL COMMENT 'ประเภทงาน',
  `detail` text DEFAULT NULL COMMENT 'รายละเอียดงาน',
  `file` varchar(100) DEFAULT NULL COMMENT 'ไฟล์แนบ',
  `date_getjob` date DEFAULT NULL COMMENT 'วันที่รับสินค้า',
  `time_getjob` time DEFAULT NULL COMMENT 'เวลาลูกค้ารับสินค้า',
  `cur_dep` varchar(100) DEFAULT NULL COMMENT 'แผนกปัจุบัน',
  `last_dep` int(3) DEFAULT NULL COMMENT 'แผนกก่อนหน้า',
  `create_date` timestamp NULL DEFAULT NULL COMMENT 'วันที่บันทึก',
  `user_id` int(11) DEFAULT NULL COMMENT 'ผู้บันทึกข้อมูล',
  `ref` varchar(255) DEFAULT NULL,
  `transport` int(1) DEFAULT 0 COMMENT '0 ไม่จัดส่ง 1 จัดส่ง',
  `setup` int(1) DEFAULT 0 COMMENT '0 ไม่ติดตั้ง 1 ติดตั้ง',
  `fast` int(1) DEFAULT 0 COMMENT '0 ทั่วไป 1 เร่งด่วน',
  `flag` int(1) DEFAULT 0 COMMENT '0 = NoApprove 1 = Approve 2 =  Cancel',
  `quotation` int(1) DEFAULT NULL COMMENT 'ใบเสนอราคา 0 = ไม่ออกใบเสนอราคา 1 = ออกใบเสนอราคา',
  `confirm` int(1) DEFAULT 0 COMMENT '0 = ยังไม่ตกลงซื้อ 1 = ตกลงซื้อ',
  PRIMARY KEY (`id`)
) ENGINE=InnoDB AUTO_INCREMENT=15 DEFAULT CHARSET=utf8;

-- ----------------------------
-- Records of customer
-- ----------------------------
INSERT INTO `customer` VALUES ('2', 'erewrewrew', '321323213', '0821684717', '2', '-', '2321', '2', '232', null, '2021-04-16', '20:34:00', '4', null, '2021-04-18 09:38:54', null, 'M3WXmZ9MvqSupx-IMQMhhy', '0', '0', '0', '0', '1', '1');
INSERT INTO `customer` VALUES ('5', 'gggg', 'gggggg', '0821684717', '2', '-', '', '2', 'gggg', null, '2021-04-22', '20:56:00', '', null, '2021-04-19 09:38:59', null, 'Xb3SesqT3v_Tml0FWJpPqZ', '0', '0', '0', '0', null, '0');
INSERT INTO `customer` VALUES ('6', '2323', '123123', '232323', '3', '-', '', '2', '23', null, '2021-04-16', '20:58:00', '4', null, '2021-04-18 09:39:05', null, 'QFL0OnpzYwt6hjY62FgbbL', '0', '0', '0', '0', '1', '1');
INSERT INTO `customer` VALUES ('7', '55555555', '1234', '0821684717', '2', '-', '', '1', '123456', null, '2021-04-16', '21:57:00', '', null, null, null, 'kjA8s4eFTtNKrv0pz7fnAW', '0', '0', '0', '0', null, '0');
INSERT INTO `customer` VALUES ('8', 'trhtr', 'srsrer', '', '2', '-', '', null, '', null, '2021-04-16', '00:03:00', '3, 4', null, null, null, '-RyGzto0I_wEOoIr4fF6BW', '0', '0', '0', '0', null, '0');
INSERT INTO `customer` VALUES ('9', '5545534545', '12121212', '0821684717', '1', 'คิมนิยม', '', null, '', null, '2021-04-17', '00:21:00', '4', null, null, null, 'UDWK-DAQc70Et3wK9u6p0B', '1', '1', '1', '0', '1', '1');
INSERT INTO `customer` VALUES ('10', 'ทำป้าย', 'test', '0821684717', '2', '-', 'ไม่มีการจัดส่ง', null, '123456', null, '2021-04-18', '20:18:00', '4', null, '2021-04-16 00:54:29', '2', 'cKFxaRmd48wawnBIKP6gp9', '0', '0', '0', '2', '1', '1');
INSERT INTO `customer` VALUES ('11', '1212', '12121', '121212', '2', '-', '1212', null, '1212', null, '2021-04-19', '17:43:00', '4', null, '2021-04-18 17:56:04', '1', 'eqhwD2d5Ss_TqsyL9jSWdC', '0', '0', '0', '0', '0', '1');
INSERT INTO `customer` VALUES ('12', '2343432', '2334', '2343', '2', '-', '343', null, '23432', null, '2021-04-20', '17:37:00', '4', null, '2021-04-18 20:13:13', '2', 'EVawA3izzajfxIR9lREUdr', '0', '0', '0', '0', '1', '1');
INSERT INTO `customer` VALUES ('13', 'ป้ายตั้งโต๊ะ 10 ป้าย', 'ทรงพล คำสะอาด', '0821684717', '2', '-', 'สสจ.ตาก', null, 'ป้ายตั้งโต๊ะพื้นหลังสีน้ำเงิน\r\nป้ายไม้', null, '2021-04-21', '12:23:00', '4', null, '2021-04-19 16:25:02', '1', '5GUUxMgM-wXJFSbGtXW2WO', '0', '0', '0', '0', '1', '1');
INSERT INTO `customer` VALUES ('14', 'ป้ายไวนิล ยาว 8 กว้าง 2.5 เมตร', 'คุณมานะ', '0800260265', '1', 'Mana', 'ป่าไม้', null, 'ป้ายไวนิล ยาว 8 กว้าง 2.5 เมตร', null, '2021-04-29', '16:00:00', '4', null, '2021-04-20 15:17:12', '2', 'iaEY0EcmD4yUAgS39owt6t', '0', '0', '0', '0', '1', '1');

-- ----------------------------
-- Table structure for department
-- ----------------------------
DROP TABLE IF EXISTS `department`;
CREATE TABLE `department` (
  `id` int(11) unsigned NOT NULL AUTO_INCREMENT,
  `department` varchar(255) DEFAULT NULL COMMENT 'แผนก',
  `active` int(1) DEFAULT 1 COMMENT '1 = ใช้งาน 0 = ไม่ใช้งาน',
  `description` varchar(255) DEFAULT NULL COMMENT 'หน้าที่',
  `icon` varchar(255) DEFAULT NULL,
  `url` varchar(255) DEFAULT NULL,
  PRIMARY KEY (`id`)
) ENGINE=InnoDB AUTO_INCREMENT=10 DEFAULT CHARSET=utf8;

-- ----------------------------
-- Records of department
-- ----------------------------
INSERT INTO `department` VALUES ('1', 'รับงาน / คุยงาน', '1', null, 'fa fa-users', 'customer');
INSERT INTO `department` VALUES ('2', 'การตลาด / ลูกค้าสัมพันธ์', '0', null, 'fa fa-tags', null);
INSERT INTO `department` VALUES ('3', 'กราฟิก', '1', null, 'fa fa-paint-brush', 'graphic');
INSERT INTO `department` VALUES ('4', 'บัญชี', '1', null, 'fa fa-usd', 'account');
INSERT INTO `department` VALUES ('5', 'งานพิมพ์', '0', null, 'fa fa-print', null);
INSERT INTO `department` VALUES ('6', 'CNC / Laser', '0', null, 'fa fa-magnet', null);
INSERT INTO `department` VALUES ('7', 'ผลิตทั่วไป', '0', null, 'fas fa-air-freshener', null);
INSERT INTO `department` VALUES ('8', 'ช่าง', '0', null, 'fa fa-wrench', null);
INSERT INTO `department` VALUES ('9', 'จัดส่ง', '0', null, 'fa fa-truck', null);

-- ----------------------------
-- Table structure for graphic
-- ----------------------------
DROP TABLE IF EXISTS `graphic`;
CREATE TABLE `graphic` (
  `id` int(11) NOT NULL AUTO_INCREMENT,
  `ref` varchar(50) DEFAULT '' COMMENT 'ref อ้างอิงลูกค้า',
  `customer_id` int(11) DEFAULT NULL COMMENT 'รหัสลูกค้า',
  `detail` text DEFAULT NULL COMMENT 'รายละเอียดข้อมูลใบสั่งงาน',
  `link` varchar(255) DEFAULT '' COMMENT 'ลิงแนบไฟล์ตัวอย่างงาน / แบบงาน',
  `ref_graphic` varchar(100) DEFAULT '' COMMENT 'รหัสอ้างอิงอัพโหลดไฟล์ตัวอย่างงาน / แบบงาน',
  `user_id` int(11) DEFAULT NULL COMMENT 'ผู้บันทึกงาน',
  `last_dep` int(11) DEFAULT NULL COMMENT 'แผนกที่ส่งมา',
  `status` int(1) DEFAULT 0 COMMENT '0 = ยังไม่รับงาน 1 = รับงาน 2 = งานถูกยกเลิก',
  `approve` int(1) DEFAULT 0 COMMENT '0 = งานยังไม่approve 1 = งาน approve แล้ว',
  `create_date` timestamp NULL DEFAULT NULL COMMENT 'วันที่รับบงาน',
  `update_date` timestamp NULL DEFAULT NULL ON UPDATE current_timestamp() COMMENT 'วันที่แก้ไขล่าสุด',
  `flagsend` int(1) DEFAULT 0 COMMENT '0 = ยังไม่ส่งต่อ 1 = ส่งต่อ 2 = งานจบที่นี้',
  PRIMARY KEY (`id`)
) ENGINE=MyISAM AUTO_INCREMENT=7 DEFAULT CHARSET=utf8 COMMENT='ตารางแผนกกราฟิก';

-- ----------------------------
-- Records of graphic
-- ----------------------------
INSERT INTO `graphic` VALUES ('1', 'cKFxaRmd48wawnBIKP6gp9', null, null, '', '', null, null, '2', '0', null, '2021-04-20 15:27:50', '0');
INSERT INTO `graphic` VALUES ('2', 'EVawA3izzajfxIR9lREUdr', null, '123456', '', 'UpUFv5fHmSkXtXZoDvXEao', '1', null, '1', '0', '2021-04-20 15:57:14', '2021-04-20 15:57:14', '0');
INSERT INTO `graphic` VALUES ('5', 'iaEY0EcmD4yUAgS39owt6t', null, '<p><img src=\"data:image/png;base64,iVBORw0KGgoAAAANSUhEUgAAAV4AAAGlCAYAAACyfp7AAAAAGXRFWHRTb2Z0d2FyZQBBZG9iZSBJbWFnZVJlYWR5ccllPAAAAyFpVFh0WE1MOmNvbS5hZG9iZS54bXAAAAAAADw/eHBhY2tldCBiZWdpbj0i77u/IiBpZD0iVzVNME1wQ2VoaUh6cmVTek5UY3prYzlkIj8+IDx4OnhtcG1ldGEgeG1sbnM6eD0iYWRvYmU6bnM6bWV0YS8iIHg6eG1wdGs9IkFkb2JlIFhNUCBDb3JlIDUuNS1jMDE0IDc5LjE1MTQ4MSwgMjAxMy8wMy8xMy0xMjowOToxNSAgICAgICAgIj4gPHJkZjpSREYgeG1sbnM6cmRmPSJodHRwOi8vd3d3LnczLm9yZy8xOTk5LzAyLzIyLXJkZi1zeW50YXgtbnMjIj4gPHJkZjpEZXNjcmlwdGlvbiByZGY6YWJvdXQ9IiIgeG1sbnM6eG1wPSJodHRwOi8vbnMuYWRvYmUuY29tL3hhcC8xLjAvIiB4bWxuczp4bXBNTT0iaHR0cDovL25zLmFkb2JlLmNvbS94YXAvMS4wL21tLyIgeG1sbnM6c3RSZWY9Imh0dHA6Ly9ucy5hZG9iZS5jb20veGFwLzEuMC9zVHlwZS9SZXNvdXJjZVJlZiMiIHhtcDpDcmVhdG9yVG9vbD0iQWRvYmUgUGhvdG9zaG9wIENDIChXaW5kb3dzKSIgeG1wTU06SW5zdGFuY2VJRD0ieG1wLmlpZDpDQkY5NzlFMDQ1QjkxMUVCOUQ3NEFGOTk2M0Q3MzJCOCIgeG1wTU06RG9jdW1lbnRJRD0ieG1wLmRpZDpDQkY5NzlFMTQ1QjkxMUVCOUQ3NEFGOTk2M0Q3MzJCOCI+IDx4bXBNTTpEZXJpdmVkRnJvbSBzdFJlZjppbnN0YW5jZUlEPSJ4bXAuaWlkOkNCRjk3OURFNDVCOTExRUI5RDc0QUY5OTYzRDczMkI4IiBzdFJlZjpkb2N1bWVudElEPSJ4bXAuZGlkOkNCRjk3OURGNDVCOTExRUI5RDc0QUY5OTYzRDczMkI4Ii8+IDwvcmRmOkRlc2NyaXB0aW9uPiA8L3JkZjpSREY+IDwveDp4bXBtZXRhPiA8P3hwYWNrZXQgZW5kPSJyIj8+rtjbbgAByJNJREFUeNrsfQd8HMXZ/qveLcnqtizJvQDGGGO6TYcPkgAJhBICCV8IEPKRQAiE/5eEkk5II6GmUAIkARIgAT46mO6CMbgXyZYsW82yLKvX++8ze+/eu3Oze3eSTEluftLv7rbM7s7OPPPMWxOGhocpXuIlXuIlXj68khhvgniJl3iJlzjwxku8xEu8xIE3XuIlXuIlXuLAGy/xEi/xEgfeeImXeImXeIkDb7zES7zESxx44yVe4iVe4iUOvPESL/ESL3HgjZf/vLK5vy0wkuPleabvkbaN1f3ES7zEWpLjTRAvAJrpqfkJ/Om13wugOvc2U9+eLtoT6KP1a99T+xoDvVS9ZCsNTUmgpJoAbex61zmvvamcckvq1WdbzkberOpKqiilobpG51j8RtG3Wb8D/Cm3idvj7QFxrtpWlZkV2NbdhU+1Ed+nFVdR1eRKda9V5ak0ef8FgbqeBipNSKfZ+x1EHV3tNG/OoU7l3B5623i1VbzEiywJcZfh/1yglb+razcQZaXQ+mXL6M1X1yvAfHHpEgoCFTFQ4RMg19W+i7JyCxUg9uaG5u/09kH1qW+Tv0e6PdYi6+H7kvfG++U945n42fBpOk+vTwI4/540ewrNGS6hidOmKuDOS0ijw6bNT9DZdByk48AbL/9mwPrOlpWBt9e8Q/W1nVSTUO8AqRf4+AGo13GRAHMkIGoCdFlXpP2jufZYgX6kazBLn7SrQ32fmXUwHXnMbEpNz6eDp810QDoOzHHgjZePEbBieb+lfistffEFem7j2y7G5QVIEkxNzHS0IBTt8R8GuEW69liA9FgCvmnikYwa7/aEQxfTlEA5TZk5iU467pQ4Y44Db7yMJajy99a6rfT2yy/Sn5Y/4QCrlIHykj8aNvphglos7Hdf3bPpXiJdK5Z2HCsxiVeb6KIPr/vDd+4TkFNfuPhkmr1wIU0tnBoH5jjwxks0QIvyVvN79PabL9BD/3zGxXa8lth+ABCJ0foBjyxjyYqjAWAvBunHLPeFHDlS20bTRrG0j0kmHc3qBP0CIguWw29I6aNZA2l05AmL6Yz5n6FTph9uVATGSxx4/+NA9s/L/kYrlr1Br7+72gFXfRBHAsKRANFI93kpmaIFmGjBdCxFGmMhNviwzx8L8YSXWIkLRBYnzDg8Lq6IA++/P+DO//IxlN8xU5lRgZGM1QCPZEUwkuV1LOeP5X2PlimPZlKR2zN3tFD3xKJPFPCOdMXDx62899U4AH+IJW7H+yEUdGhlO0obqSElOeLSNBKzlftM9XjJNr0+9Xq8vpuW2LLM7EqmjVn2MWwXiwLb2KmLJyubWC6QQ1LXgPoOUyuUgorJUQ1+uWQ2LZ/1/fiEuRxfB2VP5rAyneMyVJZEby5dSxMt0rhjFtH2l9+kvqI010pEX5mYSixihUjvONKqwG+C1JlupAn2+ZefpemnnBcfrHHG++9THl31bOCSv/3KJZ8drXJmJEocXRnHBfJAZuEMmmWTcujEKUcoR4hj9z9cbWdZoZcIJRIARnI0iASo+1L04+dAEs15q9YtpZysXMeB5IWat2j7+hojUMcqYtHFBrHYTftNtnq9cdYbB95/q3LQVacH1vTVR63QiZU9+Q02LvMyjqfCuYM0Y1KVAtKplbNcwOHH1nWgGWyoDiSXTXUAcub2bto4KZMmt+4mud0Exvo+k9ecfr1I58vjTKCo1+V3jH5Nflav+zRdwzTJmNoWLPyVNW/Tpu3baNvWWtrSvM21nyfK0YheYjkPst/Hr7wtDrxx4P3kFwy6z15xmmKUo5XVQfY4nJ0ftpQ8uWiRWsovmDyHppVPpuxxxRHrBUhuLRgf9qmDK+5f7tMLmB5Kc2Mb1WzcTskVybR660pn/5tLXlP3nNjZNqLn53NNdXBbyO3RXks/Tl7n6IMPoMyaXrX9yBOOU6x/ysRKGp+apVgtT1pek5QOxjwhmQAY+1C82hf22m+tWEmr2z+gpe+sU+AsLV3GckWE0vHQ+3HgjQPvJ7+8t2tj4MLrv+wCXi+Ns74kZLki3E8PmDyfMiYU0elTFzrHewEsD2YuDKyyrE4ZdJ0PAF2xdZ29zwJOWFswEM2uD9BwfgptDrSEgR4Dn99vU2HQk+AZ6ZxIdZlA1FR4EvMDYP0Zo72H6QlFqp0YwGcnzVWTEYD7uHnHRVWXFxjzBAgw5ndXvauaXln6mnpnmXX5KiaGLt7wEm3o22AZsfymv8bFDXHg/eSX6x7/ZeCOx+73NZKX2wC0dc31dNzxZ9higUMXKWN4Odh4YKZ2p1N/Zq9rkJrYqTxXAmzX8m3057VPhIFNNKAoWSg+dUZuYqIm0NW/w5rApMST9xALSJvuj69jEsuY2HW0k4reJvq+9D2DdPQBR9hMeu5CmlRZpb4feOyJzrvjCZFXHV7gq79nfscsvnizdj29v3yZSyEonW+8ZMIPf/VHdPa8U+LAGwfeT3bJ+cKBAT95LTr9rd/4Pi2csr9r+8Ht2QpUmeFwOWAg2Rmccjt+A1TfWfIBrR/6gJpfW68sDCIBiRcQmpb0kZ7j4+I157dvtK7Bsg3Y7IwBXQdwffLiSUWfRLxEISfnT1cAnTlvqtM/5Hvn7/yJvmFazWBfU9tuqm3bSdf85mbPd8kT/+rfvxUH3jjwfnIL2+96aaPRyc+86EI6c9axYaD7bm5nWH3LatbQprer6eVtb4YpYvyW8SbGGAuoRgK7SBYaYx3L4ONQYg0ipMvqmXGzyMM00Xm9Ry5HLl6kRBmHLZ6rZPuyMBjrfemvrz9NfiswlLh1Qxx4P9HlqF9fEsByzzRA+ftrv3lExbJNy8tSn+/v3ko1O2rp+deWUE3Ne54M1U9+GSsr/HcAwlhAUpZonSUksGLCvOaGH9Lc9Il090v3KfdumOBhMhyJe3CkojPrSKsUbMP9HHrYHOUyXJI/3sWUF37/fN/7ufrEL9DPzrw6Drxx4P1kst3jz7pUBfr2GmD7p5XTT779PSpJzaHHN7xCz/7vHUqJpYsI/GSMYwG0IwHkSMFd/M43gV2sLsdjPWlE8vTi/Tdc+TU6/aDPe5rh8QonmvvzA/1IsSu8GLFTd71Vd3mR8/3JPz6lvmOCl8per/cYZ737tsRT/+yjgmA3IrtCWIEG+bLzLqS87kRq6u+gX915J60vT3A8v3gwYWBiYPC//tu0VIwEylIW6QcMfoDm5TFn8nrT780ENl6gyv8jEYP4/Y7m+nhHegHoosBa5fPXfYlgKsgmdVKspFuumK7vpyD08h6U7Yx2lOaFsv0ZdJVs2fqO7CAAXZRTTz3L97mhhJP6g3iJM95PTIFSzc+MB+XRn//RcZs955pzPjbxAcayvrEO1hPL9UYSzN2vXgDS5N505Qp9y2U3qe0AqNMv/h41lFePafuNJoSmiSHDOeLSs+yJHu7Sn/7hpREnrbhNb5zxfuLEDH6sD9s4XQziByCfVzTmUbrvfSRmKZe0fvWZop/5MUTsQ52RWGQk1ux1H6g70jN5MVqdKZqYY7ShHk0Fctwtq1cQ2C4KZKeFCQMRxRVebR3rimIk5+I3so8AdBWgNu9y2LzfSime9DMOvJ8o0L32rhs8wZEB6+uXfMthuxf//LqoBlUk2akXWEVSxMXKrHiZOxLw4klAD9ADIGDAl3VHY/8cabKQE0+kycvvmeG+C9YLu9it6b1KzIDy4zv/N6o2i9Q+XhNkpIkz0gTF+y6//Sba3mmLEE6ff3REMdNTz/wlPqDjwPvJAF0oJDi3mQRC7vwMgpX5ExTT5YEQS4kGJEbDOvXjTbJOvV5TaEV+bgTh4foZVPVrcPAeLIn5PFxXZ4rwBpP16QX7dPaMNscn9mGlwfek3y/fs6xDXh//uE+cJ1Pz6M8jJ5do3p3eNpG262ITHdglUEvWDysZuDzj/4jK2U4GZ6/y/Ufvjg/qfVTiYSHHuJx525UBPbiJPtg+e8bZCnRR7n35QXsAiOP3pXmXrkmXrskbqM8Br2kHLFDLU9wHshtMmj2brjz3m3T3Yw842/l8Jau2ytnf/m8Xy5aacV62IgD84/c/4ERDg/IHXnqQmZoCy0BhhfvJPWQ+3fu1W9Q+HJd7ekUgq2K208445h/3vkh8Dt8f7sMkq2Qbay6wif3N13/rWCvwPhm5C+658hnBfHF8a3diQL4zXBP3M+ng2cr12iT2MIGxfDfRMGh5f/J96O+Xr51O+fSXVS/R5QedSh2pWXREURG94BOEB+d86ze3BH7xjWvjst444/34Fsj9AEpeEaXYBvS4w49wtmFg+rGnkRZmaLec9N/0r6t+R69f/Xv69WeuUaCgpyb/07d/pryVBu54NwEAg++IUgUbYxyLDLgAJZi9ASDBSiUThksz5/hiFsWgCxDDZIRlK37ffNRlCZ/7yuVOW1QUlzsRsRDF7YBLjlD/DLC4h/amcrr1U5cr64Fzzr5YgeaPL/+Zq531uLnMlhl0b116dwAKz7O++T8BBnXcI44F+OP54G572rmfUasW7NPfBz+jLgeFsorLidNmE7fhM1c/mIDr4x9tu+7XL7pWEbi/333p/xG2/+u7d9NXjvu6MjGMJJLwykhiAnddxPHEg/c4q6wvH3eBUVYut92z7KH4wI4D78dbzIDQj6w005fIzDz2P/YoytzVr7Y9/NozxsFh+h6reRSW5ACAq874WgLi6CLIOFK9YBv28QADQMybc6gyjwLg/fDJ2+nZnSsCdy/7e2DRN2zTqWu+/mWVeBO/AUoHzJ/jiAemd05xXReTCIMugBTMEYHQ33x1Pc0//UwFeF846FMOQHz/iu87LBXtByaM/7tv+6HaDuUVzPKeaVxGuM/rb7pU1d2U3U5l9VNdYKvfx6UHnUAMuvf/4X766Re/QwccfDyd9/kT6A9P36vqAbNn8Q8cDepydhmBTrJx+b7U9q4BNeFgG7NmxGBGe2LSQduif7BCDgVsE4B86cLPJeB4gPpll19C7/3qyQRMhKMRNfkFQMezcqyO3f1dytFCr1vWj+f6+v+7MiBXIfESFzV8bEAXwIH8ChtyveWs6PynLDqFdu+0Dd9ZFmxaMprYTDTyVWaSAAAUjhXB4BRkYs52J3ZsYT79/rrfBR59+kX69g1XusIO3vzPX1KQvanf+buGney3iQl1DgCpLBuCeQ52tqg4FByVS7cNxbGrO7fR6jfuCuhRsqpTB5x7Q723Pf242ndqqR2dra+lW6VRajAwXv4+cVyJ+rztRy/RS489rRjzSccdSoceVkLf/fbXic68WgUieqVho1KU/eP2p9V/NBMc7pdlwZSVErZqwSSBtn7suUdUdDo9YSnak0OGooDVL5xSQj+55eYAgtTce/CDAayGxjqRKMpd9/2a/nDTPeo7bMk5foPpWrjXByuIlliTiN428RJnvB9peei9p1wd18vU6wufOZU61zSp38++s8TxPOIluw6y0ZpS6QPm4tMucL4vGqp0jsHgZ/bF+7/xu/+h8x6+NgCGBlYM1gXAYDEDygtb1isxwE1/fiIgByRK8/BU8mJDD/zkXgKjA8OEiIADtwBMue6fPPx79S/NmwDofYO7Xd5huB6O+/zVP1XHpRVlOgAr2wPnsLgjtWKS+lxYMay23/fTO+ip+36v4ukirY98FrBsTJ5skcITlTT904ueoBT/qANMF+z2xqV/Dpx18ucTAFiYgNQqY3C5cw5WESjY/9Jjd1PWkSUEb0eUH134vahFDZHYsL5Nsl5eHfnJn9E+2wtzlCgmXuLA+7Fhu3//w51GliEHCJZ0B01eQCUJSQ7bZS80XSYcyX1VZ7s60I9fMEsBDf5//cD9YdprbEfiTRSkp3nq6eeUSRvYF0QNvMSX9wL71X/9/Qfqe1thqNuAdXKdKc0lrutwHb//w8P0xz/+NAyg5XNwG/C2vYkZzrEY9HwvfL2SzlwXm5PPCKAAWD69zmZo53zlK6outMVVX7024eVVLzugiTxwcsJrGe5xASvqx6fXMltu53vB8RCboF9cc+u3FGsH68c9tXZNVp847+017zheZADh755+BRVM7XO1XSyihmisKJwca68toY6A3ebHHXl0RDDH+7n+jp/GB3wceD8eBUkCJfORWmTu5FiSYkmHjt4UGHI6vF9Hj8YmVl5Lbvv6dVfR7c/+RQHC9Vdf4gJ2uCcr8Ay6M4Pp8fn4/o8nHjXmOzOZHuFaaS19DgANFDe5RArMWJ+sXqYiq0krAj/wwH+RBbwm2SOD4K6WDAVgzEblUp9j0GKpjmOxdMc9gc2e+ssLAlha88TDhcUG4wTwSqbL7aHL8FnGa0ocinu4+70X6Z0tK1V7MpDzeYfvfxh95bQvKxEIM/kLF5884r7oF3FMLxyAaXB3v/OsumxYPx+TL1ZM8VEfB96PnO1+588/jZgpFgoclIy2cdSTv5duuu2OqGSIsQ40uQ2KNNzfc22bozpfB3ucm5R5iHMMgO3Ll13jyHgxUAHGvGQHkDAzvfnh2x0miInpF7fd6ooD6/fcqBfKOTYv0ycAZDLmbbgem6UxIOK6kJfyZMHH3v3rp+ipDW865l088bSX5TisFtYFkI17JeJkMGWQlt6HuC+vmAxs9QCwZwcM1HfYtPnq+TAx1P3zETU5PHTfH2NWYkXbh+RKCuKGH/z4R6o/Klnv5/7HUbSZJnRuT8ir40q2OPB+pKCLpbkfeHFnPWHG4Q7LRQpxXZ7rx0y8vJaiKSxDNNUPoJAFMlaYiUnb26Hu5c750MBfccp5avunTj1PySWPLZtJUrwwbm2u457K5Y93PuIMYgCVX8QrXAf1QpaItgVTRDtLNstAX1jUoyYD/dlQ/9792h3xBYPEQ1sfcABFMtmETfZk8eiNd6nP39wYkvFC1o32yK2d5rpvVpRJAP3LIy8qOa4sbFlyyoQFivkD7DnTNK8KsB2KTvzDaoSDJI2G6UajC3BEOgMBykkopP7eNvr05/7LGOtCioMw2eHdxME3DrwfSbn+2u8bE1jqy/4rTztTsYqWnV2ObNfrHBNARhsr1otteRUMcOlhhUEFe1rY20LRJoH/5rMvVQMNTgsQYTATxfErn3w8gUUKejQ2bNucXRO+zWPQcjuwcwmUfablPc7HJIDJAPf2rSuvUSAplXFs3sUKIVaUMbvliQcAbs88KerjnXVvOvfDz1r/xt8TTPeJT2Ved8kRahJmOS7fK9gzGD9M8/TnQEByFDhl+DlXxFL0STpSnWC9iIoHUpCanq9WMnDu8dMxMPjG3YnjwPuhF9i5IqlgJPDD0m1cSoISMUALf9fffxu1GCGaASYHiOOdZG1j+SVCAUrZLPYjQAqDgAwpiOUzQOtPTz9I9dtqXIPzhZq3FMDABAmABzlfxWc+H4BXkwRRKSfE8QAVyagjTR44BgDGpljYDrkwy0aZZUrGBTvlGw/9ouMdd8gN5ypWyXLtIWvSw3ZZB/6ZWdb12AZpMKFDAXPluvC+AKr6ZCFtq7Ed1hs/v/YXpIsiUF556u90118eIJbx8rvnTMxLX6r3laPHIm6INX4G38vLb75OsItGWZgzNUzeaypwJ47Le0de4mEhRyBi0INde3X2qy6/XLEI7qhjAbrRDEAMHF6yn33jZa5rwkMKxvryGRiQlt38MB1UONPxIoNmnu1Ov3bWRY4iCBYQErAhw962tVbZ7bLMVYIJx2HAd7gfszLSZLvM1/NjbSZxDi/hvY6Tbtxe2n9sP7loET3X8pqrXp5EsyqLVQJJ2W6Y5GAKhgITMpmSCeaDd53zkwSerM/97f86zw+xDlYM8KR7sv+tsHfHk44eA2JfhA7FPvRV2EZXZJSpyciUHkjWI589HjA9znj3Oeiy95Fp8OpsF6Ux0Osyv4p2kIy0MCvk5bM+eDg0oM6YUS7+0bVKzPD9N+4KAEBYBIGCgTjnmyfQ+ff8rwIkdgbAtSA+QbQuCaimAhDDMTif2Z0pWI4f+zPZSHPUMJNMk/8l6EI8AZkuJhNdzs4gKM8BGGISWtNUFyaTh/kXABL9Am0gnwspgSBmYNCVzw87ZfSnxqreqFYE0YqdvNrLL2g+7MlfXvGuawXAbtde4I1PiJbuuvP3cWCIM959WyJlDJad8/rzL1EMAgWeQkjtvXu/slGzWdMAMiXR5GWvvh8MVS55veqMxDglW/ViU+zdFgsoeLGzWEI4+tWDWAqQvcIl+dIrv6tMzGDtEA0zjPQuTAFreIIytYMpazFiV+D9qKBFmg5BT5JpAuJo0wl5tS1PRjzZRuOe/Luf/YqOKD4oznzjjHfsma50vY1UkCyQQReyPMhJkX5lNEw2GsDnYzjegekcabdr2m9KK+R1H36BxSV79avHZNXh5QEYjRLKD6Cxr2G7bcd82AGHKqCAxUm0oOtXt6ktpCmeVx3yeAAmvx+T4lYCqhe4jgR05fa6Hvte4VgCEI7ExHEu7MZlHIp4iQPvmMp0Iw18dOJPnXYyJRTYg7u9v4XeXPLaPpPtyvsZTcaCsRBxjPTckeZ843OjseaQkxJEBmC52QdMUe8WZlTRyEBjuW40Cq0Po62jWSXI7RA5PPO3v6p+W19rp4SHyWA09aNdoReII0YceMcEdKFBZ/lhpHQ4UKZUZJTSnoZe1Xkh44uUEdgv6pi+j60Zok27E+sAjyWAejQiiWivqQccj+WaXul9/O4NQXEQVxeMF2ZUelDxaBm+1znRtONoJuKRpgDya1+ZPPMvDz9EyRXJNFS9g0pKslSoSr93zp/QC5isQOIlDrwxM13YLHLWAa+BxqDLLDc3tUiBrs5K/QYpg6ofiPAykmM87AumFCn8ZKQ4EiO5n0jMfTRgZQrPyUt/KL2WdVQ7MvFY6o90v5HCfH7YxdS/TO2DAvCFfLdzUiplNebT3CMOobOOOj6isw/2Y7zApC9e/EtcueYDupEGFu/71KwjaVyZHdSkf2AvrXnlDaprrnfZyXopovwUTKalqV84SNN1RpPNwkuBFIu4wO8YNh2LNgtwNNcxZXHYlxk9+DoqjfoITb2ibXu9P0TTbn5ZlyNNVrDMOfSwOdQ+NES5SUm0sb+V3ltXazTdM53PweTjSrc4440IuDAKZ1dgr8AwEkwPnTFfgW7GcJcC3e3NbUorDdA1MTkvZZaJPegDyy+7gFcqGD+LhZEucU0Kl0h1y2c5cKdtXSGVTjIfGv/2S14p87mhPg6KDvDDNvyziAgAgslR1snn4t8kuvGS48p8cPoyfbRt7CWTjSUNkH7vflmXvVivFB00NXVRcu1EBb6lSXkqvX00zBfvUgZFipc44/UEXYQL1IO5RGK9UKZN3DlELZX5VL2jlla/8pwDuvuSYY2ExURikaYEijor5d9ZE7ZT185JajtAD+EaJ82eomL3epk0AeTg5QUnDbT3Lx6/hd580XahZqcB6farOxDw/cEkDIHE+b3hExkl7l72nJMBA7+xXD7wkIUqV5vMpQZA3r+kgr77eTv27VBqKy3dsFW5z/K+Iytn06bt25z8ctwmcHyADS6eUwcujooG9httH4jG5C5W1h4pzXws9eBZzrjgq4pY9CRmqU8pRvNj2ezBJ99tHGniwOsCXcReYI+laJdiGIRQPqBD1vXW0crHnh3T5aZp+RwtY2IQkEXahoIBoiCND4znEYbx0rMuVCnnESgcBQHM4UKLAYNwiojsxctH+OojWI4+mL7zs7MCt3+w2cjaOADPr+65JfCpL13i7MMKg12Ef/XEHYGhsiRKahiia5//oxGoTuiZQY/9+rfO8XwfnKsNAx0Bz/+0/AmnXqTgQcQzvh687eA5hhUOQmUikA3OR5vJQEHXPf7LAACcPcr0hJycuUIvXt6NDEbJ2UV00qLFytwQMZH5vUjPPS/R1FjJ16O1V8azI2VV765eR6SG8KHRyLj5GdhTLw65dkn+TwdcHiSR2K3eYRm4kt/vor2l1mB96dl9Ara4nrSM8FPQwZC9JHGcKykjMkxwHjD8ZntkmdV39corA7BnBfggIhhAFd52iATGx6AOVppg25+efjAAN+gXbrpXRed6dvPbAbgne3mkSTYLQGRQ5HfAoRhRp+OqawAesMPuaaFJCMfj3wLLAEIbIr6CuufibCc8JMrLLz1B1dbEgraREdUQwhJWDlYJDAnHEi7nHn2aYtJnnnamA+6o98k//UAFK+drYB9yk+2wHh+M2EsWu43srMz8jqanXu3KavzKzbepermtAOzI/nz+sWfS3oZm5ZoN0y2TaMLPGSYWixVdvLWtvYvq/vZXOvWccxXjhdgBKz0E0PcCc9cKqb1RtTH6npzU4sD7Hwq633/sJ6rzxLqUO+rwg4ls80/CQMNyNJHCjdcjLePlNslQWVGDuArI7Isg4tc9fo8CHbi6InmlBCuwtku+cr7yHkIoSGwDEL745GPUsKPDGcT4hFH8M8885kq7jmSU/RVt6vvXvvUDQkQxBX4i8wKOn9yb7opTi3tGIB4UxKRVy3afmAmoC4FzJBMPBo9xTI+QcgjAg+M+/cNLje8kLXm8a+Jkq4SDp7ltThvKq+miR38YuP/s7yasePR9Zb8LABjKbqRKmqTOP3/RqTRja5U6/pftDzmmUyhoV9wL4isgJf3NR12mJgtELfvv//4OZR5b6MT1RV1LWlbQttqusMBEkjkeecJiB3SR5ueeX1wV4BUGryYQMnLBV04IYLUBNg1QRkr2w86e74AxM3YkEP3bo39yPTfa7pWlr6ksE4ifwYF7dE/GSIpdTP6Y9Lk/wsb3uOPPsI8pTKcFpxxKb7z9ri+YKzEKtgc/8Sw3n31pwLRaigPvvzngomMj9qnqKFGYMXFnREcbaA1QXlu62oY0MU7QlNwio6KLz4WCp2xSDi1YeBQdMWUB3fbXX9OV537TxU6lHBIDBftUtt7CmZA9B9IFwCE6GOSq1sAMQGZaVT7ZYU1ISrn0nSb6Q+saGmpudAAKYIxANxK0+dqwZ8XvO37xvQCHY+REjHxfj/zsPudcjjmAeBCc4txPcePEwO0acP/Wvr+1YqWKDbuxb3tUy2NmZCoaWmZ1QD6Piu9rLYnXPvS4AjEAFUzIYMPrTCYl01WGCjwDJqSvfMZm9WD+b7/8IrFIBM8LBwG0ASK0nXTcKQHkkaPs0LuzQNlpH2kV40RWs+7zsty5zr0jbvCnf/V1Z/XE9Zz58A2B9ydYLH3VyyrUJILR8AQXzIzsPCeyfmBVg8mIVzHVFnvHewZbZ3k6n4vJBMHMIdpAvGD0QUSs+/H9dzpBjpx+S/lO3+YCkoFxkGfh6MBwQJGQFc8ujcm2WK5S/lPBN/k/CXA5shYPdD8fen3JBhkVWO6egl71yaALNoAOik688MiT6bBJs53A18hftvL5Z+jnP79bbXNYXzBGLALWoOOBtSBbrwUO3BEDkAFymnAAA44H0G1M30OHBe+Ll7ky0wTizOL3uJydLlBDXdff/nAAslFrUKrJB5mFFUudEur7aXlZKoYsYggDbHhgfPPCi+jpv/5TiSIYmF2ZdYOAahpoHAPXbvQUBSRpXaGQkZIBI6OHUyJYdUgmqZjeB5udugDeHD0L7R2UVwcwmWE7xAHquX77G3owsDGgIqh1D6rMHSre8LR8OmzafNWWZy26lh577RaqmlypGJv1rgMQvYBpcnJKFEQa67ZWDhUTJxknYBQOv8hsEH0QsSLSDc/VvbOJpi/MT7Am2ABPuABOACwn5cTzbgtm1aDL7A+eWCDSYFEa+sV1N/5I9aW8wGGBWQPvhERQFshb29Wz4nkwISy/6a9hcSxY9AVdxvyzTqGitgw1FtTYCIJyNDJfPobbkgnIfxII/0eYkwG80KEAuuwHb0oy6VUAqpwEEWwXcjYGXRYvoPN84aBPqQ6EbLzoREheKMERbAv3AZYDRdX2zmaHjSJbL2clAJAgRxvK0hdfcLYhwwNkuChIFcPhCC/+2g+cQN96BgMGT1ynZmu9w3R/+fuQTHpqf4qKSoV9WEJ/85+30vX33+Nazq/uTneyLcj6ZbQzgIjJBIsHGq6L9sHy/JijjgljvF6JMMNS0NS4naJgKYEC+a5kzywGgGgG8moAMO6hOLHaEVfIe+c4xgC3L/7kNwHIbPH7/HMWq9Q4rBxa82q/Ui5yXVygnIW1A7T+fgyQAYajv8kYyqaCPoQVBdrn1TdeUudPdGeTD8uErF8f/esf615W3wvnDtL8k051Jn32NsPv8758mBKtqGzNVjt7vUuwXExeGBf43JPfqyxI/JguW8nIbRgHmCgWnH3gf1R833974EVYvptvv1mZO5kUD37KKuyD6dJekXgRHY0TBUqZLgMQBuStz97gAJzMwsvHcGzanGK7E4Lt/uLmi51YuABLLDHVkr7eTkZ48szDbSARzJIzQdz200udeuUABiOVv3cFUpxBv6b5Zeceq1MHQiKF7JqwdOmKfFrPAfmx7goKQFDHWEzWxYANCh6+HsIyIjIYu5ZKxsu53LwUjpKhoy5koZDLaVnks99w1jeVtQaOw+QEUFETzdVX0M/O/CpdNedyKkyw2wEy9VU1f6P7a5c4z//iprfVvksPOoFK2zcoUQbOL0mf6Dwbrpc1cJDn86tJY2upqw0RxU6lFyoJBURnNo5rcNvLd4Hz00rK3eIWLdW8LD/94ndo8eFH0rUn2Ux4y+oVNC9lvCOqALDzpI/gOJzAFO1skv+yspfz12F8QASXUpBAMw6Y4BtYRyc7DMioEyIQkJO4qOETKlLAJ+w4IbMzhUb0cjDQC2RZe1sDLvmWKsLKwKsOXP9nZ15tLy+H7YSCYIsWSw1ZUgBErT664ol3nQEFRpxPM52Bds3Xv6yO/8KXvqoy1jZl2Mx7wRkHB8DioOyRqcABziyuUPfVEWoTDGAGPxjHS5tZDDiUF266V90nyyklSJz8rTMISiqvNvdrD2yDzNhip0qxgvLlO65VKweesGBGpkJWtvcZ3wdPdFhxIGawAqmWbpe9LQY99r287T21ZIYlxm+uuC5wxLEn0lvN79GtN31X1YE4uJv2LqOktnFUWV5pTXRTqTuYpujJNx53+g0/G+rH91uv+UXC5ivtNsTvupxdzruyViEuGa/JXfyJlfcqBs2TDOT9elsWTZpFZIFacWm+s2rBpM33AtnvZZdf4kwubbTRxXi5f/NED/HJSceFZLwS1AG66DOcfXr2Qou13vdHT7GbPo5gt37AsXZmZIBvPpVSfgnR+8IkLlrZL2TgYL/WxBu4dOHJGD8JceD9mIMtOhU02JCpOvFmU0JywkjAIFlVwpzZyoh+z8omlXUAMznkWhQ0ivdLCMilcdAOCwn2APEAK/Uwq4fWtymOiZJzz+V2nTywOUMtWN1nzzg7MLM3T/2G8iW9PWR1AJlwb0qfAh4VYDvQq+qRedBwDUwIkPFKUAHDwvFgG0N5rcp2lWXKkPOB5Ss7Uwv4AJ5yMjvn8s86sj+Z5cHU1qgDz6/bF7PCJdqBCnOqwfsfCKtHxWFob3QcIdjC4is//rZb8Wn9A/DPDYK+dBSBza68D2lqGEwrFAhaoDhtFDwmgKU2p4f38jLEhMe2v2xjjPeAGAdwKPnWmdcSRFSwYoAsHfuU9YjVDw4LTqh3/+hBuvTJzzmTprrWgNv5RPZL3F/QoiIQzIgR4IDn3D9USqgJtqw+loSbYKrsNITn76ptVmOm4qgK2rR6p6+y2tPEzepDIE2/fOGhAKxMYO8MZaEp8/MnVS6c/EkGWszesMMEA7I6dMAPbPUX7hU7YP8Z81WmAfXb6kDoSFuWb3OxXBMDwMAoEHVNrqhU96my4lqdefqE/IRn+6sDzDB0Oaxybw2yBCQcVJ9BkHvtN48oy4VvHns29e2xwVYH/C+ce6pKGw/gAXuEYT4/JwAjsG69egYACwe45voxKLFs5O1cN+7JYfnB51QArMWQ9VpGmtpdD8LuNQgjFf0+dAVOuu5t197oKzd2zJ6Cx1PwWVzHBY8BM3OeQVxn6aaVIcAz9DFuW87UK83oOGMFPPnOvOhCxYQ3WgwdsW5lv8eqAOIgNnXDKiZXmIqZCpsqzny7kzaf2aYUt4N1gw5jhtkdxF6oH0o8XV4cqfDECwAuP+VAok3NRDPsdpxYkaoA2I85m94h7J0pGMZzzQsP8YQY+OrCLzhs/5OsjBtz4AV7K1y0Px09eb76fUTJgY4n1EgaimdwyBefaVym7CmDncytiDHELfBa0piOgWxqx8oSSpmTQBPTUi0aSAqAYY4lB41pxtZBEJ0Z1g14XgtonfuETe51XzuTpk6touvv+Knr+eTAB+Nh2SeucfX//QJKPXuZ+dITjjsqgyozu/TgfUqPr96gDWW6cGHl+2XwgoF+uqltgvfkFZEt2oHkdVwssWmjAWev68i2jaZEE8Dd67m9ns/Vtlb927oHjXE18C7A2H+itTtsmp1i7YM5pCM3hky8rotuXXp3oGjidJf8XcrQIbNFn6yaXBm4Z+lDdFn/JQE4gmAVwlY3dz39e5fjiTNxGUQHppgNdW/UqfuZSNYY2jWJqKJJjS3eF8s7NG2/bePf6I83vMT3E4CZ5oWLT6Zjjjre0ZGMpmDVt37ZMvr7tvfU6gWKVCiyxxonx9RlWPrCMxjAHhUvEvI2TvTH+9FoMNFhZQIL7HmG9nI+kC99NGlguFMh8AfY7Zq1AcpdtIOyO5Op/tn3XdHF/Arq+Ov//Mhlk4sC0QLymH3zW99wUqOwE8H1P/+BsuuFYgIAz4O9IGsrtXZNDgOkaNLjjFXZ19G8or1+LFHPPsx7jjTBx+KOG4sc1Os82QasmGRrCX28nJw/nRqn5as+hyDn7EbNxAjeZSAODDZP73ousOmNapVpGmMz2lRQKBA37KjrVwA8cX6T2obf0VoTRSpsDsqfszyYP6ySYMXCOAMXbRk90PQOeLJBe8K0bqzZ9T4BXhOb8cuhNZLONxqQ0Dsoz8iqk5BtDRBtoBO+/h/+38/povLjlMfYW03v0+qV65xlOtfF7ET37vKaWKJ95pGCTrShBU33GClnm1+90YZ9/CgmgFjB0C9IzIcxKYwmR5zsl/o7g7wWgYKOPXSRQyiQ7DTaa8p2xPjK7ytVYJ9SFqCB1RVEhdvDADiWvHrRtG00+6IJUrQv3JzHFHg5oMhomcC+BF5p6uJ0AoBt93JneyTQ9RpsMh2413I6EnP9MMAmVkCIFA0tFnD9qFh4NKl99kW7y7bx6lcjjWe8r9ozkqt7pP6rjyNHJJJ5SOhEC3gh/42VAY8FyZBsOZoJ6k/f/hmxE9NYlTG144VCZyTyG6+B4BUPVa8zGhkhGhqxc7HsAeAq0G1IoP33S6CulPcc059YQVd2yC5NIaP77JvkxKY2ipQ63i/XVzRtEY0pnRf78IoL7CffHE0+NtM9jKS+SJmUo823Fus9yLbRM4fEAvjR9ItoCUe0jDLS+PKyTJC2ua5igS3/Y/w1D/Spz5HEd46mz/g9rxfYhznrWGO4flvNmE/IY8p4IR/al6xhJAxOvVQI+YMvGwUsFzIn1raOdfaAsZylR8rExppJR6ovUvaDaAaTXxYOryBDkYDJL2ZspBXOhykiiCZd/CetmFZKPNYYbJkARQLEWMU8o2X6chUL3RSb/n3sgFcaje/rjhPNktY1i4LlHlDnvGCpeOCOEG3M27EE35HKp73OifQMXpYYkdig3CcVnzL4D9Km8yfsLlFgy1yanOmcP+eQefZ97uqn3f22EqQyfwLVtu1UnnqmIm1TpeeW3zFeiRYRqyMnK1d97+hqp+7CVHUv+Fy3fJXajpx5six9Z53rN+xwY2Gksaz2Pi5KzUiy6tGIqHR9B4sbTGWslHCjbROUsZbz7jPg3Res0I8B+rkpcpHy10iAO5agOJpJKFI+LT92JyODwXZTfZ9cqUL6IRty0YQsatnZRYuO3k95cAGM1MolCE5cOEALzJPgDYVAOiiwKebveoGNKaw62KsO3w8YSKatBeNpcmvIigW/vUBVboul0/PxXnXpx/O9pXan08ZJmc59sxutLHhmvSDmht5mDOy9O9tofGqWM9HU7Kh1joHHHQrs0CWoR5Px+OMA1LFM+pHEAV5u4l5APFJ9gt9Kw6+edb9+8eMJvAhEgyA0fsu7WADGtMyMFWhNYMsl2owOkbzcRsOSow1czcxSPXelDWRTJ1aqoNTTqqoowwJNRBNDwffk8alU0DZErflJrusxAODTU1zkAbpeBcDrB8AHt2fTu7mdLkCOxGz592BDdYCBWQdQE9jqdQHg9fMl2EYq/FymTzURabGI8Vt+ZwAOG3RNe9W7wTtC0d8TyuBumwXiXXYEdlFOQiE1BLopm7rVZAlmXrdju1phmJj4SBn2vlSQegEwkyDpuBNN+bAY8b6wbBgz4EVIPERn8gNdCZbRNFq04Gp6GV7a1VjtQ8eCsXvlMoPsCHnKcksnUGrKONeyHAXxE5AJIn9X6B3Bxx6hBXkb+9xzAQBjkKLwwA6UjFODnQe5BF4ArQkcJAgDTBhI4OYMTzy1zWLAtfW1YedteruakivcbcHsTrWHxbiRRgafijE2tznegrCpdthweq+zFOXtvC11U6JrvzwX2/Xv+IQbONy/kbQR10dELY6tjHuZXjFFxX6AVxff/xRrguMC4Dts/DS7DVRnG3BNUGgjtCW3qV/bovAkiE+8q6bAkAJaCbz8TjGh8nekRdIL9xO4fqsJsShTPQuLfJCIFc8M92/ljenBrscCaHVCEu2Kj4MguSwhogThWABZxyFp4eBl0YEEAmMZO2LMgFdXrEXDUuVDe+2LBWglwDK7jdYJYiQdS78mXwN2i5U9uQpQUZAa2wWOiVlhIGsCXAycjAlF1LOzRQ0kWRJTshT7CXsPQdBlliSXt6hjc12NGoBY3iqnEQvwMAHAjRVtCd94gJRXW+OdDOTbDDalLVt9xycX/M5Mz6Lu3q6Y25XrkfXLelXbW3VDVg+lzEiuIc936hbKHVb28PXkOfxseza0Ou3A+yIVCf5cJhXnuyZcBvkdQTkzgBQTqwRexBnWJ2FEPBua3KiO537jV8CWc1OLXPJsTuGOz/ZGO8YC2DQHR9+XJnc6SeExZbIzliAZKzHTQVbWEQl4Ia4bSwXbmACvl+OE/l0+ZCygqjeOn6xIMlw/0zB5fxJIYzHcRmERABRLAFqAGgonwYQ4wAS4zKrYZx7fAbjMWBiAJZvBZ9izWgC8ta5W1VvXY4tVPmhfrwzWETvAq531d2ACUPyWYGsCWh0YFThs66XUqnQjmMoij2OA0wuDK/Zl5tsBaLrbMryB1TrGtH8kIG2aGLzayVT0CcSv3+sk5KA5lSraF8AZBTJ50+TLk7IJbPX+xIDL37Ma81W/w3fuqxKA1XgOrgwyrPprM9rV6oI9UOX4iuRIMxrxmxeJMuFCrATOBMZe94UQpB874GWvFj+2a2K40YgcTBrRaLWsI93HBQywf8YwzRiY7D43uFyW35GBFQkJUTgbKxd0anR6uYzlCGYATQye2oZdakmIpbcC3LRGx8A8ltWCPugliMoiQQ+lsEwCuw0WcJ/OKrCX1BWlGVTX2OMcUZSVSC1dw65PBXK7y6krrc51PO/LyEmj1toitZ8LjnMmp47wkJA4B9v5k7fx8XK7qfCxKHw/8t74+rIOPE9WXwVljq9X58vnwD696G2jxByNw2oi2NUwTPlDNdSWNCVswsF3fZzgffExXqBumhwlu8ZqpigYR3rGpCpnH/c59EcAb1dpm/pMGGiiQEqJ+lSse0KSA7xMJFCamkITGADZaWMLmMGQweoBzMySTeNLiiKi0ZPoIgidCcci2zYx3mgdKT52wItISQjaYQoLGC2QejFXbnA0Ar8kfhGRWGo0sy53WCwBERSDg57jO/y7IRPjDswySR1wuVOCJUgAlsejHgbSaJY9+pKKByMDJgOqWpJag7ov64AgI7QHaklagLpaUxRoNvUlOADK2/jTVAJDnZSQlO0LNM49W+BUUNniAkAcz0CE8+V2CcAMdHK7vk8HXdOnFwDr18A96fsZjOX1+X5S+5upPzVcGSjbQ5909P1oHznJRFzltaaEFIDZ6L+dDssHa5cTqARv/Tv3FfSd7HEfUNP2CcZlOkCaY4agn6PPQvyBgj6M7CQoHCzfVKSsHP0cY6fHIhIDIpY15MoA5ZEqxEzKd5NIQirQJbZ4YY2f27DED8SBQCjPsVKwjQnw/uqJO1Sq72hmG2ll4NWA8jMaIX2kWVOyAShjsAx3lBIWGMrfzoCyOqEEXRPT5SUYz/SyU3sBq/ytM0655JbL6kxN693dNuRsA6BigPIngy6DbWZeGzUP5qhtPLC9ANevSIBp3ruXiseNCwNkCT46iMlzTMeZGKoOiF5MOJrCx+I+Kq2+IoFdXkevUwdZ/bnkp95W0QIt3hu/H7w3+T23p4WGhsqcCZTfrXzH/N5DpVNNwLsa9oaJdUwM2wsM/YBaT52kgy+PnzAlYHC84RMKUnVv1opSug6PxiJKAq8kZyZwjsS0dXEpJwn42AAvsq8ibmakor/kWMUA0XhL4RpQkBSnpNmBOdaGZl14qzHI8gwslR1qaV6Q4MzUOkM1zYSSpeod27SUZ/kjs1M5cLqDVggMqvwbBc/Tmb3HYbSyYHC2ZxQFPzNcogIT4Db1dbnq4WP82BmDDrNACag6OzaxQAZeEzBLJsqgO9S6XV0Hv+V3L9ECb8P9JRVMcokuZB36M3gBqrxvALVJZMKlNrgCQzvwasEEvhJUTQDMKxFmu3ifaiWVUeQAam5Pj3jXRQ4jDr3PTqtP5YXuf6BP9Sf0M8miQ/3Q3retY3eY6IP7c6TluC7yYusRyXgl6GJMwlXf+WyqU4QI94p+zsU09qLFiUgrXa/YDV7mdPj+hc+cSsFA8h8P4N1XrsKRAFZqoV1a6dUV6oVuTKxV35XXWtBNGDF3sQ+FTZhMSjxTZ+OOqC/l+LpYCjK4mpQ8LO8rLBvn6vxcytJ3K+CU27ENjMceNG7gLU7uUGyWma+6hmC4EmwBCN178l31eIGADrampfTEFKuT9tZTUd54atmz26qr3wKWVPXp9IsiKBMHqHHQBpMt9QPUm15uXL6bRAwMwF9ZXEopvQ2uY+9dskPVBZD1Y71TE7fRjJJkKk+yV1ot4+1IW30tXfRSbapzLyYmPm7vSvU8Q02dVF8613UsJouUHXYetrbuXMoYn0P1QRM2TDAAbAZjv8JgjHeFd4fjsQ39ozg54HqXOrO1J+1QnwhNvNmuSRvgykCNcxiMcQz3WRT0TZYpS6sPLwWlzp795KgckY/DsCqWi/jX1ticOVzpkByAtkOWENch6HWqZNpRuhaPhXmcieSNpWXDmAFvtILtIY9cTH7iAj+tpARe57uIzaC7CZvCMnoVP1GAqSNKrTyDLIsNQt+TDOzWBmHM9mAeVTnjgwOKwlixLDbwJigWlJ5XSL17dlFaTrozWG1mC0abpfbxwGMwPmliIy3Itk2H8gpSqD+xlDbtLaGX1jfTjoFCBdYmtgfgmTq0im48vZwCPQ1UnF7g2Ybjh9fR7sQ5IdBOSKUbn6ynvePmu+SzDHw6+M5OWEFXzc9X9XBBfX/5oJk27hlP1cNVnmIHgG5iTyNdfsoUmjm0yrVvQ38J3bWkhzanHeYCfjwrJhWUn55MzvP9clUirW1OVuALxozJYFp6IxUF+n370Adtrc73tduHqGG4lKqt/ledNM95XxP2fGCBrm2x0DicQV0pM9U+vFMGZrwLvGu8SylqMIEwfwfz5X5kM+UM5zMkxnJbikjCIC1KvL47ij7NxM+PKfvhgw74TJx04PWyUPAja8CYaEK9+jHpsVKwjZqmwqIh2gfR06/Ih5Og66et1wtmyzVkvxjYV9oIbL2AdqRlMWQ/0LIR8DWkJtlTu+pjn8r7HFBGp043gXKnkNuGFCcAXTARBl0MkAlJHfR6qzUxlo1zLTUVE7RYcEJBNuV27KL/+a8UWlSwS4FAY3IZXfHYGuocmmgNTnvpqwDYAl01WGmQMq1t5em9dPW8YQvQdisgs4GtiSrz5tGb79UTJRUq9iU19WEyXet641ObiIabfN+RBE1IBm//zBy68bVtVN1R5Sz9i7KKwywL8L2kLFwhMr6hlaZXTqTNDVspo3BmmHKNP3dmzaTyHjM4AkwvPyWVvvNcSIGGc9TkYh2u2HygWD3fbiqghGH0rZLQhG8x8Jkp70fsn8fkhiaLudajNCZPous/qCHkiQKwlrW+RbdcNMO5x8bkSrroH20KkAG+OP2G00opq3urmhi7WzbSDiS+bOin9wdyqbXLnvTaszOCQDuo/hV45u9RrBkrnfZsm9F2p4+nga3Sjjnb0RmEyECP6mfVvWlGYqETD2XLbI2fgV6NtLSFkxcvluwAp+Zvkt7dRF0bkh1QdlawBhB24YXVcFkaIOv6Ij+y6LV9rPK8JY4WdPkhogl3GCk2LRqOG4/BlzX3JjtQFNiq4jhTanGvxkPd6BB5swrsDhOsWzffQYfi32HAKr6bfsvtGARpXaud5RwzXnzHP4MuSlJSAxW1rKWpVh+ZMSGJpub1qWWiPSjse8GgxLIUy8+CrFY6srjQBkEL4EoHa60lcquzjGXxAosV8AlAHW7cZGSlkRjcWBUwUQCuSanmDF5rf1qRwRW5BBNEghJlSLCWVg44F2KKaCYDFgtEc2y0Be0pmT7q4HrAbjEh4h/f+d3hP2mogQq6W2ywtCZLvGuA/DEWXi3IHaAzpuym8+YWKxZ/VMWg2o9JmCdksF0GUmwLNKyjSamb1Hf0JQWqcxIdvYEUSXBfteXKGZ6rOZ3xepERfcxiLGGMyX8JmF64weCpiJW1ko3GYYXPYQJnCosZayjQsSyjYrxA/pv+/ERAWij4PZDemCatqc50GfgwU/ZTb8Q6I4kJpBmWeoH53p1Fme8EwY6BVXYyCbY2S7DYY+sOKk0LsbaJOYNUWVVO48aBLTXT3r399Nb69dSfPYXa823lSHNbn1NHaksNPX8pcl71U3NvO9Vuq6etSTNCCpKggQPECbiztN5UBbYOiPS2Ul9qmSOKACvu7MORAUfxg8+T5mUawQWfR1UVUvV2G7hRByvFJONlWW6ILUdfcPy0qjkWa2OFWXEYcDJoLioYoPFD4fUDrC44uIR+90KAGvLTXOBrdwC7zpxx3mwcdZxQ2kwvNpZTUk5RmKgCYhHW3bd35jiALsHV69n92qRwz26qLgj2q9Zwx4e+9H7qTLVFBWT9pQ430u6yAtc7wn1dNX8O/d/yddRZdKj1PiCWsAEjk3oU071oQT+dP7M8yKTL6OW1tXTPCoBqtupPST0NdOncQSX66N7TTTuSrf5lVdHfM4Wq96Q5tsfQM6BgmxQtSC/FaLwVTeSJTSVT89MJvSsrOD69RBWRlHy6zbqXp5uXCMQPdCGmRNqu6RMWfPSihqUtj0UtyNYfXD686TsaoYt2RWTJ8oVKYNWXOABjuc80I+uuooTlTS95slyU0vpX6acXnESTs/IsxkIOg6GmEsXOiDa52dCiOfTLVYP07NKlVJvsfokTMwbVgFcyyfQ5VEEttMpiPmAm2SnJit30dTRYK6leSi8opF31LdbxIRkmltB96R0OOJckBRRgd3WCaYWuc8KB5RagrTK+J+y7bxvaISdMfqpr63XZK+5dKfOC6cMhqYB/AsuB+fgZpSn0Ui1YqQ2SJuVWZaDGastQ4sUnasbTommlIfZoXS9v/LvUEFhgtP0FSHa04B3le4LjCQfOozesyW1vh1vhB6WhZP/jxlnPZfUDlvEOpGNyqwtjtSbmq5c6SleTn9+xSkQAEO7o9awbk+y5swbpAasP9FrtnG31DakLSOjDJFFsnzvoVsphhVU0WEM/nGux/bn6PfSr/5aEibgDes1aWU3IKqCt2+rozY3N9Pq2BGrLn+ImR0guYH2yCMOk/2Cm6jcG5epzgGxA1j0hddCUrBiiCknQdGctiUFS6Rcthr2y9DU65cyPAfAicVwkobQOqDrt9wpGLp0mZJ3SqoAbm1+MCXRVx6gKB2G/GRnndHuIN7hTgRGcVd5H3//vWVbnftbur9qS2GvAXz1vDq3+YJD6k3arJaUUJcgBj0EKUUN2SplQuNlKst49FrhlTwljXxA11GTPcpQyAB5boZatTMbS+pdY10gLUzbNSm1yrl/QbbHlHJhFjXPZuQIgVZ3aK96YNI++8xwppVyQ17lMr8rWPk03XTjLdc6k9G4lh8WitiInxFZhnlVuvZ4zFma4AOHV6noLeMPbU5qbuSZba5vOeG99PZMuXlzltBUmiKOsvnHftpCd8cSUELAFY9a45NyQR9+7JoXu6Ch3MeATSgvpiv13uSaKv61rVquD8vRBas/JtSbFiWpFwpYPEDXwdXBPLVY7YhXTaS1I8M4CQ946B7yvhGPm0QMPUlARF1LI9nW0hLH3hL56a0WWQEnlGaTWOy0aa7eIwvgStzxe6VF4wp5O9PXp9rv+wl3raf3gbJuMlGU542fAY1HKq0fdozLSmJTjEWMdoCqP87JP1nVL6jv6SntsQKuXZ555DMFyRi9qG20FpmzAJpmtlAVjltFNPnTQZTms3C69c3TwxovBdimj5W28/OB/0wt2zGg8zGl0eRaOOziviy5bnOF0XIBXWGkqMTIbnPPVcxZRameNULINebZziMlkO7+lHE4yIjWwkztcMl4FMhZgdiavo1n5LWGgCQ2/ZFyfntOujmd2K1lueTCIDrNbOVngHACuzl4Tqqa5ji8vmEDbezMd4GRbWMV0rXd+Qmm9Ysr8XDh3OKOUXq8PMUPsg7gBAO5VbMYbKvW9yaourgPgBYZ/eN5uh9ErG989ux2WjmNt5VqI8Uulo2MfXD7Z1Yb1Q6XK5O2twYX0SOcRtHLvAfTq1gDtzpms6mBTM5NVCN6btFrwYsZo98VDHwjb7GzHtFAXq6g2K5joPZg1omBi61wa+9JixgovpouxxOOZAVSJFoPjGeNVslx5jBzLjBkmWa6uY1KraZEQIdrYMaYsxh+Zck2fPfhhALAMslL+C3are5h4vSRuEKn44hchhfRKTqS9IAnWrKgzRb6S13PJfw0s1+ksFjBDG80sUR9ArFyBbM75LgAD5XDhrAD5Lpv2gAHpxVaaZDjfGYShXMOgkoMkrb/BUaSBNcnlZ/bwDqWY4XsA6N75bI2ywZUgDgUOAyyDKH+yvapk5gyqut0qAzaYrUteNtTgyGQBXHwtZr0AQwl8D77bpID6lbX1YYCS2NNo7ENgozmacg7PiefVJ42KQL3DXvEJwOT3ICc1KRLBd8ciYncH9ddvdTP6LLutwlYLwQnKD1ChPMX7w/uCNYPcd9992119CSsJKM/UykgDXZOIQtqJ4xm5LnxK8qCLkWSRegwvqwc/9qoHGjIBq5TZ8lj2Il9SlivB1w+IZW5HiVORZL1eGU4+VMbrlUoGIgLTbKNevMVoBo+cZGwcr+AhMhiI37KElx3MdE3iCX3GNS1TZBhCU4FcV7cAwGB+cucc+uYL4+iku+tp8U0b6Py/9jnfr/hnsyeLwMCBMmXvuAIjA5LgCfkcDzCYEyklkDbAYPNpYkxs8cDlhQ224wPsR1e0p7juDyZVkvXqgKFPECbHCBwPMGVlGddfuyfgeS4cE1hGrDNXsF4JmkqBZoErwLLMGg+4FoM36tQZL5b92SUVCnwleH36mBnq+5TBVONE6oC0ISCQEqeMz6FAWrELqLZ32asD2X48MbGS02ui9SvDk4fUu5IAuV9OvVo9oW/AMoZXQ/yMepuhv0GfgGdkqxbYHF/3SAed91Sh6sMQy7zaXqImZ14l4H8oqcxhvCadRzTMlxVoElR1cPUUGwryJes0iRxkfBMda2QiUkkKORYMPjN3tHy8rBqA+tW1G1wiBimrjeQHrTeQKciHOgay2faQfNjkmqvHiJXyXNM1dPmSCcS5Q4H5sgxLam/TSrPD2Mq192+iHT3JqlNCG5yfX0ONXZVWK1dS5gE9tLlhrUtT7mIgSiKwh4o15YnSqGe43YyVDXDw9sF4lVGoKAq8E2E2Fggx5LSBIJPKdCYM3HNjT6ICXfVOa3fQSUJGCZDaohEbBg6AtQImYcML8Mvqm2+9kHrX8djOijJWOtamAQgGXHJZBsxp5SlW3SGnCbQDADcpaxLZ7h5uM7GDx/XRGuu2a5LdE6GqW7t/gC4cIdL73EAEoK8MWO8oGcoze9Jp7k0Kk/GGMd/gs9oTR73L8iChD4ys3Hi+7QRhteUQOe3IMl5YNShA2LOLetW7DTj14p3VW/fWXt1MJ80L9b3jjrL65VNrKSGv25p0w0VQOklAn9rRkuyasMGsd1iA3LgHE3YaJZXvR0WPrLW+11BfYyftf9B4JQ9Pq5huB2XyAFuTtZAOnKpUkVKgeY1Vkxw4JTfbl6R5ETKJK5Id6zJeDsKlZ8UYqUx4nzDeV9a8baTmsdrBMciamKcXQOsWErx8kUsTr3r9ZlLZedCpcKyyb9Q62OEZ7jpufs42+4LCAaALgOYwgAyuMCH716ubPNsBx3Q0tYcxLul7rxc2oDeuRqyBC9mfZMtHzix2yU3f3Nau6uhMnEhvbHPLT089bLKL5TLYsGeXDlyQteZlr6TuPesV2OL/sJw6BbrnzRkOgUdZAdXW9bjcffkT55RkuT3V6vpKHVEFjnvx/XrXfcLSwQFaQ5GMEuZ8AEmIEl6vdyuqjt3PDZJS1BFILAhjvhKEdZtkdY7FgL3co03u2jiHARIyXtjoepUP1rQrJsr6gs+N73JMBNFf2K7XNIl7xSzu6RhQpAGgmlQ+TR0Dqxv06cbyY+jFlrl04/K59I2HGsMIij6+TOEsXaachmN0+S4fyytdCapyjEs80Me7ZLq83csnQIKvV9REYBuSpn6kwAsNH2zbJGXXLRCiLbqmUt8nlyB64+n2fjKEopw95YvVwdZk1sIOFMrVV+tgs+aNdw0YgJaXrIvltw2945Vyx2upzjJefT+Wjn6ih0iKEB7kMMw/cVY4hcMABzMFGMFzylFy5SXQNNpijDcgYzIwcN24KJn+eFI//f2MHPrJogb1Hdt+feJeOnRip0skA9ap280yMz5uv0rX9te2DilRBR8Pry3ZdvgO0McxAF8dgCWAsjwYoA95sWy3o8vt+Axe78ck4/WKQgYwTAuKQGIpLBKAjFcqRvWClRXERHKCglwc7sch6xexUskoc0QM7CoMFuvqb5lZSvkGxwrl5aY5SrDew0+84BxrADddjxIpPjSPWWkGyudIT1PdTNTEhiUeRMOQJabpZPKljUs+OuBtrdvqKNCipeA8a5m0j16NIRtQyoSkdYJ8GXJZIcGaRRTyPL+ZT08Ro0QOwkgcg192ejAFaWCuxBJOXIYMI0hKGaJ9TLbrGN7PQXJYbCD/bVGDW/vPMt525Sac5bBWKN1YdsoKKzBdBlYoiF5ZuTxcE96xNYzleYEN/wOIpbcWF7A0xGpge1jJdpkdSocQlLz2GgXI0/veUf8M9BJYj5uwy1WXlP/K+2N5MI6rTZjikpWinDPHBlJMQqbCMl4dcPd0t4a9Yyjb6nvTjXJvr8JtjnfiF74Tq6e/r+9wMX+cO3f/XAWuss9EU3D+0Zl1dNupDfS1ecvp4pzldELOaqXLqBxcoTwvEdeXV3/6KjCSQs0LD1xiBE2J5jc+eRzrzNdPb2O6fiQzNhMQP/TPZz46Ge8zjctiNq2QBs4wjPYK5OzXgGrZQYUuv26TXZ++tFFyYOr0fJm6PIntExl8dfMy2GVKG0hoedsGKRQIpy1LmYfB6wdKD3gD7eo1syNe+nEYQB4IPKjAeLM7Yceb7WK6fLyU3/F3O5gKnifLCbiCQTkrNcSe96xpoglWI3KAlsL+3bQBPhX7h+7hnDmwRW2nVgRp2WtH3oKtbvpQfUzvXrVVQysF8hvo4NxuerPPjpEAZZaUzU6rKg8D62uO7g5n9TL+g/V99vR5EEW64jWAAXcEQg4UOL+jpZ6SCicRBa0pnnp/G1UsLHEmikXT5tBLb31ASSXZFqCXO7LXhGEAWYkRhNWqoTdVWTHIewqkmVchPNFJ5RpkyfhkZsrhIbV0fQ4LxyqlZrCc/r57kC7JC10T3mxv1LVSa1c4oEP0oUQNGfbKytZT7HWtWrAgUvEl9kd7VRkYeZ+aOCF2cMVqCMp1/RRsJucmHq+mYP9y7OuZNlwMuD0cyCUj9gJhVUe7eYXtZxf8kSrXVq9c50T6ikWcYKL+XjOUXwN4gS0DrN74keQ6pv2qE1mdCUbhumtkRn5mGEDwvu4gtsHB4icXHExTAw10wf01NNvQ2tAsb1mXqYAdDLWosybsGAyWbOf2QvFXAaatalXpNusCCHSlhOS8HLnsgk9ZwDEUAt4rPl+kMe/iMFCD/PTdvW20pZ6M8XSNAOvlLltiDWxcZfEcqnutm6qH3WIGiAtOnJWpFE5erMzreqwcq6dJIfAtmEQ5CU0uhVdOURn17A2xYpiobdyVTLMmNLnESBtW7XZ+s4mVLq+V8XxTU3Joe1d/2KoGVg07BrxDQ8JVtzi9SgG8eg8WQOL92YHPu6zJlbRVEOrcRn27elUAnaee2kSfu9Dd5gdmtNOG3nCREjzZcntSlcjLJGqIpr0p+FyKLDSIcQGS0usG10huxOwqzKDKZEy3RNCVal6K8a5tu4ziA73OSEBrwhxpDsvgO5qAOSMSNeCCW1aviAl05QOZTDu8hOyxArou39Xr0QX6fjmtpIxX70A9bd3O4AILkeY1vOwCC54aeE8xiQcvylAxGCoaAmGyutw53UH5bqdnx7fldu6g19CMI4KZzmygFQebAuvFkhOgC3MjvdgMp8klItDDOKLASQHyYV5i6yIHtv98vuNAeruvgn6/5xBlVnf7mkL1HSZJekGMXJR3une5QC3WID3cRgCtY6YmO6ZrLOeFOZl8Ht28DOWvK5sdcGUb5iMnJzp1o42gXGPRCJ5f5onzKrbLrn/huBqubUGrBrgNm54XegIwXkzUUOhKpxKUr552pFOH1worxHhHVjjMqR6nQa4M9TFjYrsOAPvY3vqFl5TKNJMI04+0RWLEJlHDWIDuqGS8EDNIxVq0NFyXq+j2e6bZSsqFvdirn12vDsx+SjUvmZUJgOWgtzt0kiP74uDSvI8B7uoLO1xmUmC8UgacU5LrAjSIB1hTrfJuBY+FmAH/7Cwhi4xOBuYEcMbynuM5RApsM15bxqMoO1ULzGHRYFIoYYn81Ps99IcljfTMigG6Z0u5Cj5zzxtJ9JvlZcrqQ8ojEatBKdOCZof4DjDWjfYZ1B1gaQp91439Z0+vcBRnAF9TdDKYpUmWzRYOdSL9E+o66egZrvsoSwyRDLj6+oXLdOovnxxxPORnthuVa34FYi7I8Ln84Ol6l7MHZORgvaaCiZj7kGS83M5wc8ZEuS71v6glcJq77YN9FkF+wlaGPJ4aosciUzCsaI71AmDlUqxZNZh+xyoLNgFw595mGk0ZEfAy0ptcf6OS82oNIu12vRpGKs5MLFZ3F4616OcygLI5mQzyrIAoPzPMOB05rgDOAF0wArBg3SlBFoAyGK9UwElzMsWakwcc0yBomzk1CtgOAHVySXLYwJUsCmCJwT19atWI2gX3DsCGcguySWam0qqBFTtYtkOZBOBjry6IJ7xMqlQfCoIjjgEY6/JMlnvCuB+MeuME+zuzaL1tEfwcdZYnmjNdsFUDgy6YMT5hw2ySpfLzIYC5LqP1UzbinD7Brk0KNa5HgmZRUNRgK0hzFLNFdDIp9wfj5T7BNt5oIzmxQVY+MTN8QpAWMlMmp7vaD5PPvW/10jWP9ND1f1pCVz69lJ5a2qGCzrMjxXD2fNqVNz4mkV0kcGXTMWltJMe3znblcZKwxQLksRadVDb1d4zKg21EMl55wX2Z8sdvllLLj6BMR0YjclwJ27ztdf1MXeR++V1fNnE6G14eQ6yQVATAtWW8dgqgA+iap3bTDxYTnT7BHYjGvfRLcsVpkDLJ42eU0L1v11BhbgftHMpRirqkpCnqc3pGJ33/5FkessN8KlFBVmyHBJhK0XC44o7BumF3QzDQ9nZHtitFD8fuR1S7bhft6DIzD9ShgDbVBtOK0klOckkFdOlT1Jtito1YDZPSq50MEgDMyryQfBfHPbSuTcU3sEHyQDllOcozZIloDrYruw/DOWJpUiEVJScaGW9GVpodFY1CVhAwB0SkMhnljZ1DOFZDf+oBrgzKrj4ZdKAwrSZsJZw3EPC1OLobR5dz6k4E6DeJvuGWtbcU7Ud3PrvW6gshS4zzZxI9//pe2j3Nvh+dSauJ3j3PKTteiC4aksdT7YB1zPYuerHFvcpLaeu3xsTUkALaEJM6UnxeLwcm3UrJGctVQUeL9pB1khfIM4nzEk2Y8iJGYr16DBp8X7P9XZpaOPXDV67poBtrZtBIQnC5zRQKjgXzrm3BMHISdHVmHMmqwS9knUtPlOW2scSyrTtZZp3oUR2wgcZbS8EVFDgeIQ1DA4wHZ6XVw/uzW6jbOg6DAaIHCdD4XHEJBn+5NXjgqJBhDVSwzXKjaACuuAjCQq22Yg3mZpDRkpCdQu768GuNKsVMqBQGmVmGUgglWNc4unxOyDxs0jwigScc20E+C4Ns8bhiagkCk6OQ63eHN6xv3akYcirZS7bcwg4L9ELOJdK5AQw6g9xAyWB357Pv2IATtD44dr859OemqcQpTHPGZYUzXhE3ghVxEDfAvA5WAboZnP29zEnsyaDrUq5BOZgVrpDipJocC9lUZBQ0ZrxdAhRVPN5gO9sTZn1Q/JSsLF0g+3+/J5d+tbLNdf/nHhlSlOqycxVjd4hcYi94QKqgTRbwmkzFeAWorwwl2Eow5pi9XqzXK3yrFC/I2LxMsPRjHGyoCrJl6o1aFBmrfJeVa28uXUunH/QhixrYVXgkoKtbI0jxgsmmTs5eJhlwpJlVLkG8AuREAllTeWHpNtfAfOzGuS6bx6H6Lcqq4ahJu+m/Dsly5I86o/3BLceozs7BpsE45LJRngM25qcMw+ftT262o5Bl29kJIO914gMHj3n5ja0a6LqXvxAXmILRqHQ4HDAHSS41FuVELROAJJ0Z2N8fEwvi2XI2YNR72H4HOjJdLGlxfbBdEoCrpwViBivrnV5VSRO6NjoiDCjT5H64DPM+3Ke0IV6zq8RxIJHtz991EYOMwobzEZtBngflWiQHCrhrm2JCcBB6xOMF4zXJ5Nm0EPJ/eB++Uec9BvV3pVyGe5JdNuWzJqUqAoE+jL6LVZvu1GNSPIettoSYzm9s6hEBdeW7PF/HAP7Xg+t4jWMvz9hIwGwCYHy+uHQJjUa5NiLGW129zZP5xio20Nmu1DRKf231SWbbPM/4nFXkfDI79rMlNHUuP3MYyVQAiqu/ZzNTN8AGbXOHGox1QBEClrsKsrrgIyHmw70XxiaT5QSQiNNgy2CRmTZfZb+Q4IEBiKy4wRjnnuC7oa1IgVDLUKoCXZx35EHz6f+q7WM27RyiLb2ltKf5DVrRVkiBNLjilitRg0z5LoHtxidXOrLhpr4VNBTMOIx/KOWeSx9U4RgB6jsLF4exXBngnOW3YM23L7HtfFv2QE6xXCXSJLwX61gks7x9CffXXKoenqBYNs4vSg1FDIOSD+KHh1dsVza7pcnNahVgy0kbLVCucCX/lN5rKFA6wlOtJWFAmVyhvQL51j02NrtA26+E7Hj7nAzSuR5ZVzCpIsg9TM4y85BXrYxqLBD/yweb6by5BnGHYLycU02f2CG5dfdhW9/QmJynosnhfb+9vl5lrIAdr7RgiCYDhWlVqdva6ytbPfaKtOf1S3jghTVeZmWxKNlY3vvs5rcDp0w/POFDA95Xnn3LleonVvFCtA+pg6cfMzbVzy9NHs/2groMydQR/DpSzdZex/7SyyIgElCy7E0p2ILjEt5vEwrK6OGNRCfOmudiq/JcDFJmSlDgvV7dTE+uL1c2u81gS9ShMk7MnTubPmh7R2W4hQH9pqZuas0sogTBrNilWMouIa7432caFPtNSCoMLpVDpmTYf9OLg9b2/QWo2Pv1VEGOo4EFiGyun1GYRv0iPgPYbzV+j6ui3l7rd1a4Fxr/ZtEDfuP7Tt43rsplacD3ijgPfK4to52kRCF4XgRgh1Uk2/2+twfHTRCNzR2L1KQi62HGy4rEJz4gekKIXMrTQ9mavYAXYoW/7wZrPIQqk/ppIAHy3A51PIAVmSVqh1JdEydYPux42zPwFu2g58x+73273wJeH9Jk9a/MXjso07yhQWN/1beN77d/z0whOs2qe/e8OXTS3StUDAcGXb/AOJLt6sRHbjOKD0UqHwZmzk6hky4pkjTZAo/GmsFU1q99j6ZWzhqRWVnM6d2hWJv/5WNiZruxAK6pyEY3NZwp1oMpqIaUGfl1CD95MDoaRAPI7ovgJH5gqytbeAB9+YFt9JOLFwfzYNlG7ZNLE2lr47Ajg4N89vxFpWpAQunF2WXh9oogKSgA7f5gFgqALns8yeUoAyvLfDHYFfgmZSvgYKDwY2UMymB2nGVCD5HIrJQZobQcMMVlYNYqvc0kyMr073rRMwqbAuRwZopoC9elP1NYdmWPffzMaB8OJBTKyBE+0ZkAWd+G3xA3TB7a5KxmIFYA42WTMjtle1HwewtdekC9itsgWS5WL2Dzf67JUboE9C/UiZWV3j8jkQccg1CnAN5YlGuxKtTlylcHVxMOeNn7RuM0EWuZNZBG0w5YQI9feduIGG/MwKsUFl84MGAC3WgZcDQPrTe2NDfRGziS4Nz0Av2YcyTQZaXB7OT1yjHCZKng1WHBWBDcBH72kL+m7Hc8La/dpZgLzNH2q8pRAAkZHC8HOR4DBpxyP7aAlgcejOwxMPl4Bl84XGCfHMQAA84u3FBwhPMb5mdJpVM97VEjFd2sShcJIPAMRAxgahANcFQyln/q4KiDKtyK64frHbYrwVmCOwrkuyyC4OP9QD+a4ge8+n6emOQE5VUAqrA+kTEZ8O5g8mWn8ulS8lsOmIN3aoNsKJW7rWATge6t3xk9b9L0slSaWlGqrDEWFOcr2fd9HwzS0ytCxxe1LI2p/8p+jPjSNYWHuMaESr9uUKhFAtdIogkmTSYRgy56iNViYSSFRQ1VmVm0+vdvJYzEmWLMGG8k0JXgF0nIbZrlJFM15WrSQTlakB3NbIwOB0XEA1ccqWRgLAtVbCupjLZ2BZRMDKEIUd5a32hnF87IcCJE8QCyU3LbMRukAwYrT5QMcKDPUXbweVw4boMNyDmOnBcgjlTxAFhkzIBrLYsoYA9bNr5Mye5++/hm2t4/g2bvl+ywPgaHSGzYxABxHiKbIegMh21Uck/r+pBjQi7LIMziDYCVZMiSKbM4QoKoadtBeTvp/AWTVNs/t7TGBfR+LNcPdFlJKMUMkpnqCUAZdP1EDKYC0GUQ5iD2tqw+Jbh6CUUds2NxJDjv3p2O3bZ0YJBWbDTIcrGy4hUVMmKjTK9Ip9LEHgXUlRUZVNzdpYCa+7QuftCBV5fzjoT1SrJjireiZ6UwrWojga7JdThacObcjxJ48ztmUt0/H/lwGC8D70jZbrRsWF9KeMVm0Bs9GqG7SfwQseHTw4Ohc6fAb1gywJYXThOc14p94jEAOHKZbd+b4dQT0hrbubLs7AFFLrteCdBCiEAyv5bt258QxoCgpAEAfu+zhyhF3g0PbFABYE485gianJVAbzbvUqZleZkFjumT39JXVyrp1gsMTvsVB+hLc5PV4EX8XIhIYIIG5gvzLyx9IUMGKCLfmh4HwgSIJvGCVLwx40UoSoA8skxAuRYNmzWJTXRZsfxtYsEjXTGExBBdLkCVkye7fMMKAiufoWBGYZnqJ5R5ItvpIzr4Ov0iJU0BOfdF7pssumBQRl/Gd071AyY9adpBdPsre8PyEEajaJMs1osgSRyIlEU8GhIXzWp7JOwYmLfy3ldHZN0wIqSEqzB5pFiOthH8NI+mRo0mSLpJeeb38k0v3qvoxuKqnmDqd2U+kzRFOVC0NQxT2x5ygaqKCNXLnT7J2t6popcxKNsM2AJa1aEywkBXHZOd7SwlbeaT7YAsBqcEXft3qOPDGoG15hwY56bnVtDajnLl/daVM5O6QLQGho0WDhKEpSOABGGZJdhWGq2hOduHVWCcorlzVApxZrycbnz/QgTfqbdAd37Y8t8k45Xb7NCO4TLi3Gw4H+Qre2aINlJ7veXMkWS3pt96/jne5wXgkcCYWS6Drix2wtIcmpLVqiZOlLterqaX9pZpYMvZXnjCHgqy2h7X6gosl8NFYvVEQSB2gjsFQbg73WLFWeOD5IHU9/XB/t8yaK3K3h4KA1fdljcSq3VIkrBUMuGCHM/8m9rNuKKLIHU5sSlIeqxxYXRxw0hNykYEvF5eIREtFDxmNq8H95qx+CWyobScFb1SAklLB95mSi/itxTqFtYOii1bwMsdjpms1TohJiCYrQPgSqQQCgXZTSEzMhYhZKeExAr4DdBlNmzhtgoRqTp7XhvRnnzq6rQ5ju0OWhQEYZshb2sZontea6aX1kPc0EEXH1elvNi+99lKuuKxNdSaaLHzIKv1kg07QKBZK0iAYYUae3bBJva8erC0QgtQ6h2HCyxnDyksUEvZ8xZW0l2d1TSQleaAqBQhOLEWDMApnSpUUJyg7Le9M0cF6tk51ErbexNsmbCwAZZg7sdSdeYrj8XzmcQTfsDtqTQOihYAugzCzHIT8gqVZUNHfbuTHBQOIJ3ZlUGm2ylAlyfqUBzJ9iAQ8zab+e5xmK/MRMFEIZPQj71JB1zh0ce9wFYHZD3rhG6x4ADmtl2egXJkuh6vse7U1x7danq0sl+26hppsJyYgZfTXkgvjtEo1EzbpDuwp9VCFTmNrMfmNaV/92K20SoCmN1yx1LmL73kAlkvEYUUT8jjw1OwZLvkvfwbAywpydZcS1FC52COLc1zDOnLrEEblBFS0JqhNNECvQyq77W+582l+9b10hFlEymxdwXlZVrL1V47aHpJkg0CWZTlCUR+DFEHGbBMmKIBrJXNRJoNqO27yum+ZguQ1zUEmehMBzilwo1BVwIsb2eZLbsNs8INYgaYjt27BsCab9WZ5hJjoG52FebrSWZqAspowNMkmvDLTiEtG0wgrPbn2TJiyOtn5+r5C9Fn84J9KCR2wicmXHvSTlK/sZ8Do0sZsVf6H50s4Li0+hrqowOM8lvlCCHimOhmZV7ji5ksA7NcpZpWx+yVygzZb2xLOXA0oobRAPFIGW/MMt5fPXFH4PuP3j3i9D7Reo/4xc/U863JbSYXRVPaZ6/lj5TbykhL0UYx0+XAISZMnp2eQZbldcw6t7VkCnncoCNmwOByLzHJETewMkaakcklLQbzc5+xzcc+90SHy4ONZYmQw0qGCuUglFQsCgCAHV/ZT/sX28q59Zvr6KW39tA7eQsdpgwFEzzSUBfCFG7eVqu80ZBaHgobuLeCFTM4q2slbqNPHZhBFWmNLm8u2CnfuTTBERkAbBG0BznS4G2Fglx2nCkYrr/rAwscZjt/3Gql2cexuussnE5eGTjcZSVx+aEBlfYIx0IBueKDDpo2MZ0S0kutiSvVyZ6Be4A4A/Em+L7wzHA/xnMhNTuUVnBYYfM9KbZRk6V1DN4B2p4tVZj98oSK94gsIIgQx5YSLFrS5bq8jZVoUpYr+xKHGLUZrFuHIfssxBN/vcheYf1l2Sq6673ZbgKhfY9WxhuLzFZPUmlSsEulejQWU6NlvCxqePTnf6RTJiyIGXyTbrjhhphOuOX5P99Ys6OWkvuGaTA9NjYwtGfQeXD+ru9Pykt2Zj38Tg/kUULZsPOJbfgczuhX/zge+/Aiepv2uurAJ7bhpeAcE9vWt6NOBbSDA+p7en4K9aW4ZVkpyalqPx+Hf2xzQDr4O7fIlrUN9KbYLDl4bGZOjrUtIEAXTCOJiosD1GYtLfF9T3eK0/ETEzspfbCbAoEca9AnW4M+kTqyMtSAnN7+Fi3s30yV41oooauf2nqGKCN3kJK79tLFC7PpwJwdtL12Fw3mJFpMKI2yEvvpizPtZfKTqyywSctXIFk8sIkePTudTpuZRbPLB+jz+xXRIZW9dEJ5BqWVVtE/N1rvoq2ejs9ZRzcen0Ml2a2UM65MgVPl+Gw69sBCOmVWgJZt7ab84gIK9Oylmz4zk06bYj1Pdw0VZvbQgqoUa0JJUzLeeRMq6Pm1DZQzcSalpCVT5WC1UoolU4uyevjbkmraYAF+aWk+HZryPh00vZS21LXQno4eFTD9aycU0+xxQ9TV26zqnFg6RLMSqykxYTwdXpZBWxprqN3qp4GEJPrGMdNpv+x26ra+P7s7nd7fvIMCqb2UmJlHk3O7KCU7iTZVt1nL+S4FuiflvE+tiRagtjWriWVGST/NKS6mzNxUerGa1HE/OrVMPdt+GMS179H7Vj87bVoyfWnxHErP7aON2xro9rP2p+NmJNKF+ydQZlEyraxPV2w4fXcNXfepiXT9fs103Owc+mD9JurInEJ9e/dSbkYyTWhbQeccmkBH5VbT58t30s7mJuodSKfVQ3nUNTRAyZ17rT6ZRfk5Q5SUMkyZTesoOzdXvXP0i76UAE3MGVB9qGt4iAqpg4ZzslWfC+Ta4Jzan676UqZ1XHdnwOm/qm/3hmzBB9q30JcWWpPB8G6LCHTQMzXZYUDL/Z3HBL6r+lrSKKk31RlTCnCCv3l88j4AML5j/PLY508HN9Iz1T8r57gedQ993WqcS0xgvFBAbe3X6xtNAfYBAyuTDqZjDpx1U6znxxyroWW4J8yMLBbG62faxbF6pcUBx9jkz5JJO42yHZ71THmU+EXpgvS8WQVRKdVM7JYDnuuMVxcnuGRozvGdNuu1jkVMBywF8Xvtto7gviSqKupWpmpgoPiHsfuk1E3KdMhmvVanrV9GV5w+nS6/+GTFKtmcDAW2v8dNTlKJIxGzF7a+pgLmBXZ27vyQjJXTz4B1wvpg67Y6FYcBjItZJSzAwDKff32TYoVcAIr8ybnT7lrSo0IOoj4czyEdjztqshM3F0oxADKOgTUCQh/CEgLX4Oy7HNIRn/gNZeHtj7TQa1tshnzr65nqu2KJWfkqKpssYMKr17SrOMF3vz6k6sZ5i4JLfNwzmK5SKu1uUEwXx+BZ2UqCC57tT0u2qftAiFAwW4S15GfGb8hlUY9ScBYXKtYK8QPCdE5Lt+8T5yPzM787tPNXz1mkkpIiIDtifECxNiu/RfWTkAKuU7Hkw/N205eOKVeWK1CUQiGH4/C+7SSrSY7yFr+H6ldR+54VQmQRku+qvIJCRiz7vp740y/fmh4UXe6X+hWd4XJsFRkuAJ8Y8xyHW1pEmMSGuqMUnxdp5RxtgVmZlPMGZnSMCLhjlhe8v3xZ1NYMJn9or5gMCmSFXBcNW5BlJ1mcNH8OrXrdBvzOvXOt48OXGUgN4iw/2j1kuVqONmX0HVyiSTmVSeEml09eGt3CsnFO2h90ZCzjpubZ7BImOWVVU2nd9gAVd45Xcrj8odX0vVM+RUnFu+m2p2spN886rn6HMuG531reJXbaAVRs9+AqVc8768rp+6+/puyBf3zuZAUUdz79Jp2xMIN+ecF8uvrBTcqdt7WjwAEI5FRLI9u3PyDS6gAA+ob7lSkZluHNPQ300qYhen5Vt3KqwP6BiVOprnGCYsUnlNZbTDaJPrBeBYDryJlVtCuznJ58faUF3Ah9ucpih3No9fpVVK4CcZcrwNraNKhcmmuryml1YArlbu2gY3ItkO222KHFWBGb4byF82j3YL4KmM6TCJuiQRwAEFKJK60ust8hM5WCBxNEQlUu1Q8lK3HEntwp9PLOflo0jRQINgXjSvzgH8vVNRCgArEgyGJNiOdQl7DNsbtWYgMqVfbXG6x2mJtfQGXHlCnriH+830PVw8XUMmjLXQF2Q0PTrcmhXp2/36Qka5LoUe+ihVJVECIuTyyzJtSyZjp2vh18B+A7ae5BFuDuUKZ9SDN04oHl9NR7tijhnuMnUlLSVlUPgB0ijkXT+umyxRk0vKybNu3cSrvzJlPBwEa664ICqx57/J1Qaa2Y0tOopXc+XfvIfbQq+0Ah7yUVwOkbn/s0lRfMpi3r3qH7Xn0T04GaxGEKWTTYR0VFROsbZrv6PZtG2qKf5pC1TtAqh0UVXso2jC9pemkKCenobDSCxsdhzKdQKCSklAnrlgmczzEakYIumojG0opteR08XLqc6NAv7lvg5Ti80cp3IwWp0LfrshyUJTdNsQZDPh23ch11FM12fLRdqZ3ZJCUorOeXqAfYCGtYsY8ash2lQLSgC8+1Uw6toMqKYcWkaretpneHsqitd4oC4IUTd9JdZxYoVtOYvIBe/NcO+kNeIlVbgx/1oFMfPcdmPncFPdKw7dELLCZkAebzy1vpL1vtGfWqT5MCgylTltP0Lam0tsP24a+0nh7Atqa5gE4c36DYbVNfsTJBQihDAAPyevUl2b79xcm2+yhryWETijC4AJjKvDIL4GxffxuQcujGJ9+mrGHEbi2g6ZUTrQE4YLHMDXTjRXMVmysbn0onVpQrNogwkuVJjRbbS1TyV2Z0FdZguGp+FW3evp4WLZ5mHWuHOQTYl6zt5zDB6ppDTZ3q3p6+t5qGJw/RqccvVpmPMfmUZBXQGqtbFO2upubMFAUGYMrnz8y3wHkHffGgcouh1qgXCxB8pqWL+tOKFZO9YnFm0MGlnF5rTbHAcSVtTy8PPrfNciGrhW0x2m3/wiY6eFyfcv5YsCjZarMka1+zimELefcT7c3KHnn80Coqyp9Dc08mGhqcqIKHc4biDdv7lUwbAZR2W+8TExnkvdu3vEc0p5huutCOpfza5jprXyJdsHi6tTofpvpWyLSt+2mZQWnt6fSbNTusflRmPQPR7+7/gOpaG5S7eVHQLruO7H590rwh6929qixXvrcEJoikTMaKWtbSQzcigEMt/evlF9Sqpakri/6xhuiLUzro6s8WORPQZY/vpGU7JoQAVgtOBpDeZfVvhD9VEfhwCes3opm1JYU+9YA48lMqmvdsaPV1dpIOFHKbzp5NcRpkKMkw5b0AXZOpWbQFUcr2OeMNavACupA5FkVbNAkv5TJivNWZd9MOCyAmU2qR20VQMuRoMg07CrMqMgvmLeBGxzm6KqCUSqUFE+il9c30/Gb3MgrH3HBBFX1uvB1dHBGpPmcNTlpUpTrwWTcuV/msbj/rSHrvlRcs8Eyley+0WMmnK+mWX66gwvJ5yj04dbDGAhnbyw0pfzbX7aCzZv5/9q4DTI7i6L6Nl3POSQkFEEJC0ikLEGBhnAgyQgKRbbAJxjiQTbCNAzhgchYZ/INNFCAUUBaSQPmky3d7Oefb9HfVbM/Ozs2e7hRsA+rv2+9u0+xMT/frV6+qqwTz8GayyUzfO+eccchKmoA3n3kWbwoeRJN1hiB8u4W1SCV2ZosJ//bFVP8Nas5d3ukWXaUCn5QeQswZKpOUr9PW1Gphad/2GQKcYlQqiKr7LptzEp5ZXc3DlwAq3r0HM/Ks/P1HBJubW1CBUWOmChO5yLe7KZ6BZ0ujSwCxAqmnFcZyv6wt8eCyrIG1wLhyRZMDk2OcyMlR7tu3FoUzo43vMyOhrVWALIFFCycjP1hdxIBIYJxqVSg81cCjcyKJgl4naYMZsi8rD71HbJrK5rBcMjOPmWlOrJLTgJyJlLiHoh7IebatnR7AcyX1uH4KMWCSIlzY0BrPzsDHP2vHe6F2AdBKJjOSRdb1kZNwBExOJQfGveIAI7YdxMPn+lNF0sJ4+8VzEN//vmIJiQXo1T1m7jPaaSf7Y5uwdhAWycmOOvm+KXODNr9UlynHorC5DT1VMKWNZWlhxY4iXjSlw1HuViOuQmOM2tryIog1nHM0f1axCxdNHo+nP1ktXgdmCVL+8HlzsPThdQKiJ2tC0Hr4/lEft1gm8PhfcfVkYZEpSqUnMh4Hyjrw8cotWLjsUlzx4L/REqeAMDUCYr0UoWYN1ICmUS1GLbiquIGBkQ+yGKb2dX2cvh5fDjeGV9to99rhtMOuuTYUqWG4LFhqtKzRZTn8TjcxaEh20N4g+ksarTZHr5ZN000PdW0ZULI9MvpLRDXsxY0zunD2tGT+HfoM/X3tijisuGmymCjJuGmiB9dlrMBTC/qx7bo+Ph4BN/39+7fcnByHwJGShcx8Mp7/ygl+9SJ/VYiTZ4/HssJQBgMCPNoBRKBLnmNZIJMnpK/cC5Vsoc9SlACxmqjd29G66nmVHWkbabPXv9yBnyw3q3lk1fheDYskqYEmL3nVyYsuQZd2QWlL0ki996AAj3V9owJyyxIYkdlPNc8WzVCyWhHjIw2yaN8mBjz6PCXyoc/urvePi1XFLv7Ny+bkBjpTLf6NAF/uUFa3c6ZGMasjNkubLf76xTY0xShbpqkMEkUPtEXFqAyNwIA0ZlkC3m8WKzG9FH0gtWEy1wl05e+S/EDbpZXIgX6OaqDr14eCybqWDb5aY/SezD1MkRmkGdMOOQJkepCcIBv1sbb9/oIoAVjbODcwadJ0HfTb9LtvNyZgY0e2EhHh2yZOORqo0Kg2GoMqTpz9Wit+/K5b/D9V3SJOSXS0eXel45Y+T1YDNUqKQwycjkdlplaWurlPaIxq74/8LoeiWdLU36fx/8vvnYyxYuFoExYFaew0rgnsaYye0l/HY5ysQZpL9KB5JUGY/v7+3BicMNEfCEBzUu870eODEUnTVhYPlpXscCKvhhPV0BK1/7BKAA0LeI1+4GjUmdembJQdWFeppOa7Z90Brv9EjFeCqLyJlkolYbN8Lm8iASvd8JX3zgi46eyNbO5Dpph3BKxjLKXq8Z6+JB3TQyr4Oe1Dp+xhE+4xs3ZIg46YKJlZ45OjGWwI6K57z8KDmieYr74aDXzSF+k5MQeWJMTnteFRuVHxAfoZh/W0NfCxidXRZ4nZ0AQNTRMT+cRxAxJZkyOGWA6FKWlBliYfTVY1DtU3YaRzjQBYHoscQDSptUBBjUAls/bLAfGppP02pynXQRWEL19hx02fJuPRrXFqEUnKXytLtcvfoeq/9D/12bX/qtfFtCqf+bxNCZ2jhC00genzxFoJPFUQ85VbotfouqifZuWbWYKh5Ol3rXEpLBdQ65RRk6+N8a1HtPurvKKHmaWtt0Y9DwL1aeGJahVhSu5DUQ4qyRCslPLxklVAUQ3yQRYCXfPZaVX4w+kW/OR7I9WcxJ1m/z2emassCvT4xWsd7JST90eGmkUIFsvf02z7ppJP2vuvONgiOapFbqSQTlVarPj6O0tYYqBQsImdX+Dfe2Kw6LkaHtdyQSVpizbXvLDdhTGZtgAHGmm39KCwNClL0flSOyNpBB9jZFY2TjznFCx+tIQfJ/61ASc/vJmzllGOafoezV1yJNJ8pHlGoHxGdj07i4lInZtVzO/t+qOJ3ydyRPPs2nnR2HJ9PBMkIl36umpElCRA05zXsmWtkz6YxCmPE2zLsrZJX5PWuXak6RH+44zXSMCW0QraC6WHNT4Ej/w7DKsrpqsASa/TivvFg+nYc1cmvvxpEt+4/EZlRT8ltosBl0zX229ZxTc9TjAi+Xt0TMqyTwO5s04BWnqfYkep3MyFt3+IefNGMNt89Z4z8bOHdvJnyHnFANGVg19+CN71RSaU3AhB/1PNKppIctIT+J72l2pOCCMnDr1GDg2tU0I7wQ5WKR72h85o5wkam2Dj41JydKnlSSClyUYMlhw05ESj36aMZ7KgIQ18+bvk8dayW2KsxOz/fPEojEr3e7IJiAlMCPy0iVEIjIg5y+NRjTIZ10vOPGKDnMg7NFU1l0nj5L7LV5ji4++uY/DSVvqVidHpdVkpgv5SNMHjB7PVmmyypYm1nzZJyEgKmvz0+bveruLXZf/J6Adq8rUV4alqcp7trcrCLvVdyXh3tSf7NlpUcv9oY4oJYOXGDurv94SJTn28bE4Gv0eRCPS6o6tJZcTEgOn8qC+vHd+oxg47Yk9UFxKSPySgdvkWfwJVimAh64WiWrSMl6IZCHAplpcAWkYxkNVE56q1JOh8iOWSxEEOXllc1e3OU6UEShV59wq3suD7QFaCGldTsQSWoJ/5okJMyPlHESEvXpPPD5Lf5HcpXzV9j+QLrklIGre4Z5RQil7/vDUigOlKUkRznObw5eMauH+XnGzl+UxkioB66exKnvufXJ+BUyLKGTe0UgbNc7J0JYbI17TPjeSGwRqRPiPn2pGQTvPhAO2R/KDRrjLJcKljxkTuxPn5nZia7+IbRa9pWfC8SXZeMelGysFD///ulwv4u9k+LezXr5SiSKyuctDIVZBurjRzR/iqM8zNU5iILHdzzfwCTh4j3+PzNqeqcsWKAyHsgJBxtmrJ9YgmlTXQYJADQoY/yXOR0Q4EhtpGk2DX9uaAjQNU8ZXKd8tcrFrmQyD5q3nx7PGXjUzGOe4v1RLv+qYN4qdj0USj65WgfM7JIfwagQOBoFxEiMFJp5FsxBC1O76MSthos7UR4GrzMVg0VTmIIdNnJNhXmDIH5NklqaHE2s871Fqb/ABLEog8NwnkJA8Q06Xfo7AyOg8CWW2VYYpk0G+oCI+vUs+HvkOhcKQNS2lCAjC9R/KKZJhU8lwei7Rjkgvk78gmFxWyHAIlI6va/zITGT0nXf6S0e24c4FF7RfJ3hUN1x0QQkhWk+xvYrP0kLXryFcQ51useIGz+qsqE3DLUk5akKUxSmNYe5+YbIg5QMD50BcRzHTJWUnfI/mN5heBdUucMhZIxpDn/vovklii0DatFJNk6lQtXTrec6t6+djyPQJUGquSZBBpIAYtpQgJroQd9KDvEGATLjx7z3m456ej+fnhShHaULIjZb3Ww2W5R5KNTJtNXjJc6qSVt53NoTTa6gpkns6/TTAl6xTu+IfPzeRiOrTibiqpUr83IlQZSJIVrrjaBxK+uEp93J92MMVQEhd42KN+7+Vj+Ma+804ZZgjWKxuxTr2TgD3hnHVMiXJo60pgL39/n1fd/UMeX09Yi/qbNFD6rBECZM0cOua2KHGxZJrVVh1kpxxPHjFJyamlSBmR6O9qQDSa1MlNoE1MlRxStAsspqONNTpil9/Np0meG1Dgkti0uzVOZcOkMd69oopZXYM4r4TuDvSF9iMvl36vlp1FDSfZfQtOtcrgaEI083HrA1I2GrX68AjM8naxDEDmPbFiCoA3e2s51EyZ5CU+MC7j/iFwIrZb7J2pXCfl143VWQaC2cYmtKmLHDHHgNwOvkb11mirMu1iK2+t4L4inVcpFspcUx1j5SZ7QD4Imc9XWjqqE7CXYm2Vc7/jzH419njBxR4uVkEg3Ruaj2S7shuvqj2Uo3Lgq17MzFywXW02NmK8sqJESkKEr94aePGcP2483vmkDMlzxvr6q84nM9UgGWly97ACyikx6jgj0KaIldtX2/HaD2owK7wJs+86kS0nfaMF39xTwk5dGgs85lqU1wt8YQ2yr2XUgjoX+kpw9/IyAeqfY/WdY7D0gqmcuYyjLP68lR3V82dO4ThmC+biidYt4vNb1QgI6duga2sQCyEB4qYSJavdrfPNWCDAHK4unhdJwlKluUmx4CTBUdjgpd+ahnuf2sislLCAah/qF1M+/653kZ08CT1FAicycFg5G/ShZEdCQIeFnMWNxYZofzggrAXCRdPBZcprrR5h6stCmg340w0TxGQpxxXfzcbfHtiLK27JZoA8764vxU2KVEwAAdrra0qV8uUkBYiVmICavnN6TgPrf3KzBIeBNfgdOwfL1okVGtj5ZQkwMRc/+HaSYErEWsFSA+V0XeWzTojNhgsz2igFXqFtI86YmovRiQSMCdjXobAISoBD7xc5GsUx29SNCdLjnEMl4cUAo3MhE9CSOQL9mlpYFAZGYcZkVqbbO9TS56QD94Vake1t4tCp1l11kLvwydFGUQTf9SVPJ02Wj+PLxeB1hwqGeJBZ8sPnQmU5faFNrEcu/3ArgzE5zqirCPyJlYRTMcfqelR402DpzRPgsl51QBFw9jR3sJd9Xbub7x29Vl7hwEtdmT7Qqkd/dK7yHUFi7lrTjdBEF2urDS7xWkQuntrtFSBeg32Rp3FiGwJCB0bDIcjtxysqGSgp/wK192pOxIEqPwOxJCh5HQ50JOPyFfUYmXmiAFPlfQLkd7p68IwAftq0kdPXz+XlyarZvWU/DoRkqkl2ZJY0Os+73t6hZgW79p9bxEDPZIvBkpCEa9/YgQnxYTgtfywvMH0NY7Fufz2DLufi7W1ncCUJgO4xLXTvbCoTlstMmMSxu1v3os2saLfkLCQwTfYFDClbvSNVEC0v72WwOXFeDi8mpOGTBFHvcqm19WhBJWdZkjcqAFBpnP3ogya2jHLCFOcafHmjSXqwZE7k8VUu2HGDyc+Au6F8Nya0JyCOV0s+aGzLUDICRqX/aGGPUNnxv8RtW7u8hBdWYcMxo7Xn5gdEeQCjAhfMpBMEk96L5689QyVOJA+S05rO+/X3bbj84kLxfxXyks0qeZOgS6SMpA6OqJkWyWOZzn/O7R8K8JwwqJ77n7L+h4WWezdvNgTZ4Wyi0Oq4BJz0l2Ida8XkJ0322SvHIzLfzFUaSF+lVZR0nt+L1ebJt0rFQ/yedZ7iaOvqZc3W20sMSpEC+iImoLWyCQ+uC+Xs+2m+apQSMGlV5NWzz8wVZ63xdQKsQ1TzlMCRgD3xpF3YvmsUIn3ATWyWTKhuHeul1357k8KMTW47D+qwKP+OKZIiKH4zOTSZ3yNmi56tSIxJwulpire/VttfVF4b+QFmICw9bEZmhClASbuymrrseEVMtG+dloO7lyqvE8wcsOdh9aYo/EUA7+K5k5DWJxi2vU8FbQKCZ8tGYL8AoVEpVry5l0oBdaAzXIl6KMZE/OCt/cxEwkTfVWEEC1JdAiwo9OyhF1cH5AyQJYGSUgu4YKXKMNrbsZ1ql4kVgSpI0OepuCTJEpYoX301IsrRk5Dkky1211OuBKsAPn8aSLXChEyM4zv+7nqTmrXMb5X4C2vupmP7ADQpIhnFHmXLKYXgiTslwNPKY4a2TMtG1xHRN4l1VjpPZ9R03PqewqL7xXnKhYYTt9tGi2OaUXxQudbkaLHAiActTqGxfock9dkvP2xEazeVbC+ErEtX356Bnc3VeGG7HbsbU/yERJNng5jxwd5YXHeJ8t5TX7q4jDuBbL0rzOcUNEGbR07GaBMIIymT/Q/17ePx61fWYdl0ZTcc1/oTVgg5d2ta3HB37RDn6RVj0ZeLo7OKS7wPpT0wq5jLDMl0n1QoNKqhgufl46dPRe6Jbry0tUvM2woG1JSsEszK8mJtmckXgRNueFzyhRCBIj8Otfy8UFw4Io/TiRaFfDng8zSvaS6RtEKgS5YrNZIPr/x1KZ64P4+B+8Ynj26WMtaAK0oxckTcsQNed5rFMBfvcMPHtII1azGiw+58+kNcducCbCirwMEPlN1Ln/b5xXBFRD/Bd7xGsaYqu9VaLCQtHAgIGZPhZEl1ShgMr8a+hYlu4AOX5MPiLcXbb+9DS+IU/iwBF62KBF6kT7VUKKWi4xqbxHsZHD0YrBGIX3P7SrjGmLjKQ09HP4pbo1iCaIsLU8x2Xy7awOrBStwvRT+QeccOtzRh5nV+F7UxqwQ76oC7PY0nGul11Bvk2KvqjYbbHSdeA+9UI4lA1uEyRSUKhicmrzkUj61RSrqYovLQJiZoiLtD1Xk3CECkh8mWLgABuuKXo/k1OOmzugxdEQXcE0n2QLBTQClR1SqJ7SmAFM26bHZcWEBeXX2TVS+oECU0dc/0JXqk7itlgUMlRk9CX0BInPoZgxpvfJ0RVZwaUeYYlr/f3SwAwOf4ks5GCcRSN5dAq9fSeZGyJQZEiHAaTstorKiW2rv/GtlxhlaWG371Rq3qC3C4Sc+VMb2RvoW5QaypacxuT7AkcXhYaFSOGE9KKSiKSqA0ozR+HtspQCeT6gSODehTYqa7tm/B1jkZ7EykckCPrt7KDtRFmTQ/c1VJR7uBiHbDzbv6TPz7k9XMyu9eOhZesxnJI1M4aoFA9xExr2lLO1UFISCFAGSyIsjR+sb+ELbGpOxH4Nnhi72nOOAo7PUD1T4vy5Akq3F8bzQRFDs7MqmN8oVmHiguY+ZLG2MoRPGqhXPwSN2H/B5tnxe9eFTid7WtNdxzbBlvrTB33FSS9QhEZX3pDmkSUOB8gXc7OuqbcPqcBMEeawLiPV3NJbBZ/TvRaLeazL9Ann892NcR2xrpVc2UE1L38hbbzIQ5CvkTJgxFLcjBQB74pMzAwagNySoXLFa+pk+FR44KWlGl2X7tP7ciPCJVTS5N4TVkOpEGNyPXzEy8L3Q8Vq7dxCu7JVMJSaMtxzSRzn/rZZ+pOEZlM/fM6VcD4xc/ugcRmaeiVwDnXns+kShEuq2K6WnxMmOilJHEmrSRDDTZQ6IGOtm0cbwpIYGvq4xWm/Rcl49WC8z17f68vdr8vd52f3pGPeBJViuPQ+9rAdMIWI3A2Cjnrhbs9Oet/by+/JA+lA4+Fhys0WcGq7M2WAklbVY5koMUB1uk+KxXjIEozqurpgN18Qnzc5YbOEOdi+N+HcIyovAwxdkWJRZnot59vG3YWZGAmLFmPP5ZB/7WYWfLqsY6WckZIqZabeZcXPbcTlw6O4VB8kdn1eAOXbHMZz5rEBafX2ojgkKgSZsvrPv895QkDG9LrwqoMn8Fkawbvx3Gzz/Z2ClIzwniGorVOUbOt7XdHty9/Eu0CKuPgFjqy+ef7eT59cS/urhvpFWZHqFYpOvsigOVwgvpWEkxwL/FYtBzoBoz8sya87AFja4abpMyw6eb1uCs700+hhqv3XnEq4M+o7z0stLW0FtvWYX7fzueO26rWLE4KsGdB4vJt3MtN7BkCG98iHagtck9oLQ0J9MJ72JWySI9i8BOfNmwDX/7Q7uPnQbGxnI4VFhg6AwNLhp0RaxdKsketKBLYLzgTTMmifm0ZR/lWVDkDn0uh4M1U+B0dYrr6BOTKZdjLyPDZqDF1Yxc35561gPiknw1tBQhn9guhRONycrkjQWk35JD4Q9bBDfQJcGmyei1tgSAp3aiKxM8eA0wI1CQgKTPLWuUa5aAzdTlZ38Uk5qQ0+ADUT8D1oKfApjJKvjqGW0w8JXgKtMx0o6zME0hzAC5Sxyb5Ab9ceSCEqzmmrx2ffkjbV05uh55LH2RS7lo6ftWfzxt+k56LzxWybWszdtbh0AtUS6u2lSi3S1KpWoGbl8csJr0xhcDT7lCEtOSxPiM5/c4HNI3HWnc/mt3Mz7YtI4JgSz3o5CDGJV4yFAz0nfXNHnYH0IgS3Lhk2+tY0mhJTEfH+3rwHWXnMjbqqm9fTHbDni372QxrxpUPwaRlZe3bcHKV7pwzwOJ4nf3i3kB9uNIS3TRjDqsEJhAEgZFThS1p2ByTBWKi63oKRJAPEq5vqkZndjvC0e87oJrUBrRi/ue3yXmTR5vxw5tq4DnpMhhyaLBQFdqvNk6zDjqwHtw59ZhSw2HujjqXOp4uSoS6L60H3jslZ0+4Cllk4KAtK4sPWC7oDYkhDVOr3/bIGEYJU0hOjhxSgKHZpHpQTujiJ1S+93uJAGEXtiTQrGuPRoNkSPx7pryALbLwPrnrZyoQ4K7PrE5ZexfQTIBeXtbibn2BCTLYdbedVCw3AnC9ItAeFiPOlnItpKJqyk8iCZSW2SYL+ysHY0IEWabEn5EZXtoEC5/v1aAs1mAM1STM6BIIlcf7uAdTXLiDlZS3Mh8NvqcZHza6g1aRkx/JatU/laJ1zThZj6Q0iY8J9CV4KuXD+RzbZl2fbFLIMsvIwSRMfQFNFnGQN8Ahi3PY2CfRBouNpLBS3BVZQUdcA+2wGnBVXF+Ku+T5aJlysm+mUr3VC7M/qT4nSrIlta6kWyDf3xBJt1XEqX7s+NFqtUplJ2U0fyctwiHjUOf+E659I0QdovxbZRn94aXzYhzy2xn1Qy6cpv+Lz6Owu8+pC34iRzuNy7ZJUC9QliALTxXaA5/nhXBTmzSiVvf263iAGOEZgMbRbtQiCjJjSRBhES0MClzpFsYdAmQKayQykyRzEChaL96R9nANCZSsUppez77o4KA62Cgqy12qW8v71uJa8/64bGN42Wp4QiadheZ1Hppyyk1MieoMx97ZZ8aB6iN89VuD5axwLT6yaB9befJeEBqnshJ7Kijm0H/E4Olx0sf71D3ilMIzF3Pr2fWqm/EBGSKO62WbHiDxODUbo6QqSEpYiEg5Z7vdVlgUE4CYrgyLpgmAz1kDK8MsTPnu1THG01CAlmaoMR06DWakBJ0ZeFECrqnul5y0msLKupB10hCkMCjL3Kp/a728xIAtdUY6KF1gMnoAaOilloJQb4mH/qy8MFqqmm/J4FaLg70vzYMTp4HvSYXFH1fyOuj9/SlgIItZIdq+vp4RsnSFWYY59t92BnAerXFLmVKUcV66gxIfk6f8yffj4Q/EXq7jzy4A8amdjxrK17Lsa/N5EfzQxtiJucKzUUiLORIo9h3crCR7CaT3MhNU4+/uobJ1/duO12Zm4Jh07yUDjN1Htb6JUopMXg9DhUHaPs4OfgOlFer+EE4IQmZdOrrieBQ4nr1FYa1AQXTXNHHlvGWdXcdNuDKuF0tIMpGeQko6cmCWaNw5/Pvc6fR51wRitQQzzdpM+s+8mZLyYJWOmKqIy394v9qZq+SDW/d14g5b5eyWdPiK0VdeFe/P3+Db6DIY8msSjCoNhEMaP0VWhXGoK0eTAAsn9P/iWlKMUtl4LsHDHKlhpZgJ2FK2RaZ1q9JAO75yyGYbxk750x99RxaJVkPabsEvspETFOdLnVI8oOsKksoWmJKgnNQ6YAAwEhO0AKONNMDKu929ahVh7WMT/s9LUhrS6frnW8qmPrYrD90LCsAoPV/9QCsPhfHyU7wH3OAY02CudNjWJNNnjeVE6Ktw3St2mvWVyAOVvpHW8ZdAd8IQ01Y5mCQUMnarStS3PfIgBJQSsFUPxtTFvhIX1kghflydIwzXh1n0hoLZ+7V4xufZsPxHu7jZ0ZzQFsCS/++zBwo5y3F4tNvB6R7FCC9qWQrW5W0Y00JqxyH/g3daIiIVKM0KKcGzWN7Yii6vshCTU8ImuPKkdzdzxig4MoBZsYrdpSpIW00t2XqBxk3rme5w5EYjCK6Pqk+eGyBNzc8YtjgKy9KG7errwaqFfBfL6kSLNgPzqTL+BmsL0l6TKS6QtHrN//dt+unjVixErNLWcjWUsd2RvI4s+cO1JiNEmo4g4CuUQ5e7WDUMgaFSXgC6lbR4JWFAun/ZFusagq27QlHzNhudfuxCshxrWolWALkdrOiN9d4zKqmK1lPfWSUIi9EysmaFCAxaCd7hA50pawwmAyhB+hgbE4vR+g1YKPX9UCrB+LhNvo+bS2u8ZXD0jrzAgA9WJSKrpYcadOkUTMYtiuLkt65aAS2RlYEL4KkzxrUXdPKDgGgK0FWsN5kjt+NCnwdSRq26i9uqbyv3M+aXn+NP6OyU+Ghbig5IBVSIMmD8nkeQQPG/mDERJ+60WhuSV+JTQByV2Uj3pP7Xw4q1SJ6W6Zgyl+axbESEOpazzKGBLt3N5cjbU6qGjdOnydpsdaaxeGTdZWRKs5I5ky2OoE0uoYuMQxJgq0vG/Z3hlVzLWrxScPKxzvUdtopnbz9j0Kjduxr4A6WnSFNA612pF2p9E3ecP2NPlQ14WCJmuVAMwJfo0FoVGdNTgSppWlZhwK2loAJI81EWbDQX6wwsHR7jG+zBTEhGVQvJy1NOlljTSsvyO8bsSwtYHD4FJQttPR/qiUW7TG7DIFLvp+TqRzT2xQFU0IHEkNSDY9/QkHuIcdEOnIRGa2w0rwmZRt1aYI/tpReG+x5UfvmIY29vcXGk6axrxY1dRaEeboQmxaK8qou1Lpb1T7R9gNdf5cu6kH2XwDT1YSjGTX//TFBFrCU91FKQ/raerL2ntR96a8qC/rGjFaeMKr/p0pfg9RPM6qxpicmegAONqfk3JXH1r6v/1/rlJckSZsaVr5H/9POVgJZaTFLkkevU74H2vzz7Zs+P2yHWjAH2xhnCHY+sd50TICXMpN9/9qFzHgPN/9uMAmCOqbLkRVwXKPiddpQNH3y42Df0YLzUEu5G4GuPoTMiPVqX5NgGow9y0GvBVjt/9pJIlmJlgFJjU/raDHsX194UlxfKrKSFdszxqIAPAGKBMekjJFIDHWiu8rPwsIzTfw8KlkZ4G57ExJakzhuMcWusK6+1i6ExAYH8QlO5bx22nyVkKMDnVcSVK1pBSaZ/Y7yPrtqir302mD3JthntMeh/yUoa8FZC+b0P50fnVtne/2g44GuVzY1frPLCXdcOywt0ejoUiJfuhOViBnq08ZeG3odLSjt3cX9TaDeWqOMzza3MkYq65VFsz9doX12MR9aQmoD7qFW15WAKtNHyggYCbhlHc0a/4Eyrmis1KjRDG7j8R6k+rAcg1ITHqoUpyc3XK1bWKP65OaDNX1+bTnHtYnUtTlgZPKdFp8DT6vrahPe6DHlcMGXieGLXxw74J20bK6h1kEeP/Is6i9qqACslR60q5jR97Txd7LTBgNUrcljVOF0uMw4WHXVwViAnl1IKUIyY61pOFjL6YlBT1I4s0sCzxi7YmImpQ+cCFEmpR8TfBPMmxKN5v4uxNuNQZLey8yPVIE3K9IPkJWd9QHP9Y2AVwKS/F8PxgTAg4GvBERZLlufgvRQZbTp8xJotaCr/5wefOU5DQVow3uL0B0auL2VwDe2e6Ds0hTbgKzaFux3xfICFlK0Fy3hym4qU127X+YR94WeN2kcrzyRvbrcIjVu1MU3qBZFW38Dgzax8LCGbpSHtfH4KA9rM7wO8hWQk01xvAUnAvrxKR3F2v+Dlb7SzxEJsEZzUpukXEukgs29YNhxqMrkeuIm5/tgVcyHwnK1z0d3WbH1rc+PLfAebZnhUDWPjDomWGfrb5QWxPU39kjY71BANhBwLUFBNTkyjYGUgTXTfwyaXAxkScqWyrhGj7JzUExA+isnI/0f1hLoVbX6tkkT6A4FcE+Kz2NwDQDuiJiA57GmELR6xaSNsKlAIxkfPafvE8sjZqd4mftR0ePfBFPr6kZOWiIOVJSgt7EXrXG9iG0ZyHZCE0PRVutATeWhiwiWhvYir1eMj1Ee2IvM6nN1Qc9JRpI5LODYTBoa/eMpOi2Zz4tBVgAY9bfs65yQHO4f2U7NH4+6/g6+Xr72Lr9WTkyXLQN6TfRRR30j96FkwFoWLPuI7g8BrvyrXShV+cEb+LxHMGu63/SX7r/av95epJpC+W/ABE/oYJmEP6MBaWrVFf3IyLYHgLGWDctQMyPCEUxyGwrz1TPZYHNRz4i1BXD1pE37V0umjLDDqFjmkUoO255ZdUhycMSMV1th+EiBOBiwahmtnuEeSqcdDJSNbnKw17QOAP3KPhjQDvD8ipV/fEq2wk4FEBAASMZKzIX+0gSRYEsttcFFqKxOKgkIsrWlRSGpxRoAtgR2EnRl009uAmAtmISmB+48KS4rQrRNGT87K/x6YXtNvVph2pZgwvY9SrwlAZ0W8EpDA++lfJ8mOE10WXMrWD/pPeZquSYgIKRP/1n997T64KHel+bvYE07qWU7eWwOnE3KORVk5KDf2Q67LZr/jsxWPPkZ4t7KPibA1fY3PSdmqwd4ea/ofmrvL32WQLe/t2XA+bUkmnl80F9aQPSNxpkK3uYI1q4lY6ZrkLKGXMD04ZN6ScFI+x1qG8wKNfqcUX00I/Kllw2C5WQ4Grqu/rX/iNRwuGBr1Fl6oB3KSqT9nJEGfKibPhjwGtZo08kRejAgE07LXGWTWmrAa2IiuioU89aabeX/6S+DrQFjoddU8OtIR3SUgyeXbGZbBDzOLpTX+BI7i0lPjK6stJyZIIHdYGCiNcGCAY22pLaeUQzVehiqnqf9fPr0cEOHkJFT6HBZ16HOzcihq5eo9CB/KOAPBuSyyUWaNHm6lxMmjeX7m5edw/day85pkWxwdKljRzte9GNJjjX9+OtK9QO51JylVUAkgfRnWmzrO2sCxpME52AsONj40DvAjcaPdk4PBryHAtDBrOhg0VWHA8bHFHjH3nD6EbNco1VIO5i1HWGk1Wh1Xf1nhwKyQ12N9YNrfFyuHwwFwNJglM4qYjnqgNGwHvqb6LCrg5xYR0RtnPq/1GjJDGepQZi89dXlPPjp+PvN5QzqFZ9VKDsGD8HcDmVy6TW1YDKNEnmheNWlF51C1biaQpBNFtoYVto2e8jB2qskL6eE47LJmmYy4Tg9l/9rn8tk5tpKFkNt8hgy364hENuTBz/GIPG5/pI9SjRKsS/zHWmkjg3dw3Im6ce7EWjrc1uPmqB486UzVTs2U62B10zjjl7Tgi+x4aTylgHpAQiAtRKNfE5WEIGyljVLy2aokUSDLX5Grwdjr8GI3XB9TsNhvdK5dkylhil3LjoqK0SwlUj/ul6P0Uc1GN2kYKx3MAZCZjANVDmAVFAxhwX9DmmDZH6zmdlvQ3W6JYDh0gA2MtNpcBqxUP0EMorQCLbAaJm430ESGeCwk7G7XNmg2292UspKbZMVHKjSAeV+pXppVMAyQ+q5moREafFpvpLpdsPk08Ea7S7SFtLUvqZ/T1t+SNWlfe8HO472c0bPtd/RJt03ej4AdH0VHmhbqmp+NyiRCLSDsqq5nndQUY5d6r/SOteA1IdU4p1Sa1JSdc5SpomxDgRv3/F9G3OGAth6i1Br0ehfy2rsgDVSWfxjJ6Ww5q4F2JSUCCYB9JzGO8kTdXUDz4PGNs0VOcaNGo17TtbjsxT1zjXt2NaHoQ0VlIM5zI5W+kct8Gotfwon++fD7x5bjfdoONeMzIXBOsdIED+Uaah1rul1RWKRBLTUdu32Yvw43fZZ3SCSuqzRiq816fWgaTTwjUz1YCs7FcWU3mjmUHIHEpQKFJQOUpb4oZJHseNTfMzGyUCZJkCUapJJwBgMJPUApwW34+3oNP0iYQTqNc2KQ5LyP0sQZ6Av71Wrq9DuLsp0d6Cil3PqUhx3vcvEi60EabJapGOMF1h3iRrbGkz7NBqneutPymoM1gbOUQnC8v9gjaw5qdUH09j1FpzeYWbEdrXzf7j+pcMB6P8I4yWp4WhJDEO56GAxvEafNzLJpEww2pOjOoWI0XaV1zNYSvA1ahJ8d/kKYvLWwyHKLHoNWq8/ytAcqmnFzpSIJk5czUnSfSA6euoYJNYXIU98PzZ7hHJOPsCUZViImRkB5tEEy6N9vP9KqxMLUkrdVx6sjRi+lqFL4N5dqei0lAeaGDcBNY0t+kt5ealRPK+R02woZrqRX0CCo4wyGWxuEejKOUnExzahQgHexiwgsTKonKb/PxieDKbrBgs1+593rh3tcLKhaMBGEkMw6YBvzoETNIJlJTsr6GY7dyrsTzJcrdkvk/8Mdn16JqtlqNK5QKBKrFSpJKHUUiNT85SYbi6PPS7Lwia6CvAa9nmcXR4ecwzWb9pF42uxgBxltq0FagJpKsNEaRplJWICadKotTG8RrvJgs0TPUgFgLUA2YxJdWzREQjL+SnnpjpfxfyVjNiIGetZsV7/NsKPYJLMkei8/zGN92g52YYCckZsVstqZaC2GrjtA1gJvNqbYJRd6FAru1YWIJONqrVSVQsC1bwUKxcrHFmQy4nK9UBKtbbG2OuOo+URgkZk+5l4Ym0x3n9VMVEb+h3oTs1DSINiNRSOzMW1v8xAUuiq4wvYMK0BqsunZdPSopJWlQTorV92qJIHFTCQGcC0BQKM/BVDnWd6S1UrRcj/tXPeiBXr2bBRzG4wInW4rPeYAi9f8I9P8R4tRqt/zcg0CMZqB6yAjUq2KjJZVOAVgKvv1KF0tARabfpKAloaZFQxlTziE8bHIMeiFEykzEkEtscn+7FpDd6F/JdKK5WXj0JuZh5So9MRMSUX6TWVOFDlxsEKF+o7amDzbMSdd0zFlNFKmZjj9+Toyk0SmClRU1WTA0W1TnxSboentohZcm2fPxmRBOPhsks9Kw6Y1zWmYZ+7UXiqFowPV4LQJkKndszDyY4W4OrNAyOWe7idO9Tz0bLXqhogMw04a2o2UgWgzs+zqKB6XAb4z05w+T+lBD1n8WZk5czAL76dBrtMlh9mQUOPm/8yOIv/a7vtcFqysKrEjNad+3Dit2vwwwVZxwH4KLHioWjkEphlCawDZeXY0mjmKt7EkGmeSXCm/LmDpRgYEjAPERsOxXwPp/KE/rWvhMarT2oxWOiL0We0JZUPpclSwgy6yZQOjvJ9TjgxH2nmWsybpOTnPc5Y//fa/v4fY+mlryPJno4rLl2EPPNaBtmucAtibDa42gInCb0e0e1GTYui09dnTcb7rzuw/kAZfnNrFqaNLQkIVzve/nsLqyyvReF4xJjX7a/Hru3NAwofHAqYB5M6g4GzUdKt4ZK2YMD7Py81GDFdo9flBcqSG1pqrxfsKbsZASvViKIs9Rmj8zB5TBgX7ZOlRI6z1q/GxHTtG4fL7i/CRQt/gISobUg0VyM6I4OB1RpjHEKoBWJiv7L1C5P47sfXY/5pJlx6yfHF9atw/0nGoFJAxSsd+NRixsENXzIoS/IkAZkyjklgJozwRMYN0F31ADlYMq4jxbQtd79y7IFXe1HaWkSD1SUKBsBGK4qeydJrEemBYSaUd/O0aZGYNy4TI3NzVIA9Prm+uo30XJIWbl+2CFkhSvXZ8AQ7s9yQCD8jCosJQ0+bP0a0z1fiu83pZICWDFhKEK+/04Nv/7oS37E0fWXDyr4pEpORzEHOPylfUPn6ddu34dNt/SoQy0ZArLeGCZOoSfKmx5bhsN7BWPaehz4+9hsojE5AuwIdipbrm7mzRe0carQTRLYc0bEelOPq+9MZYINJA8fNyK/+5Lt4qQNXXfoLVVqgJlkuAS8BLjUJupS7lvLWEvDS+/SX2C99p6bWH5dK4Pu3V0rxzDOZYsF+93hnf43GDN9fwZLX1Tfigz/ugtU1Gnv6ld2F+2x9g4LlcCOcjibjHfIv0kHFCQaVGrSgq70gI6DVSgjKiqN87owRJ+A7M7+Hy7Mm4oF/3IzvvvMBkjvzsTO+GfMsAoz7gwPrcdD9CjfBapbvEGMibS6Drqu3AdbUXDjbwgWghqksty2iCDFdo1QADhP/g7NX+tkwgS6BLwE3ab5pcRTI349rFs/GJctewPLnjy/QX5cm72O8wIWxfSmYscaFhG4HtkenI+a356MtZzbW132BlVs/xxdbNsMSPgVdtu0qRhHh0zJhPUYNtR1OAeAhVxkmxit1EaOTIiClC5AXZLSi0Ovyf9JkuDVmIcJ5Mm6d9xjeu2m56epTf8CrxpTGdNibsoUd6YI71nTcRPw6MxdhSu55qwpnzsjl5wpYUm29bhV0qRHoykYgrJUeJCumB4EvyQ3yODw52/ap7OhQW3ePt69Wo1h5U69/8c3odiFlmwVnjZxu+s3Ma0yf3fCE6bvjL1PYqcAawjHCIWlhS7zS/k/YRZgmcW2wRscaDtsdFvAGa1oNhU6AHgSqEmQl0FJ2LVPyAr7wlIp5CK+6kv+GFE1EWOWpmDf7FLXqgL1bMS9jQ5TvJoZ6j4+ur7G5SGFjVT1ZyLaWsaYrm1Ze0DctCGvBV33fZlNlCmK/Eck2nHnaEnzw5GfHO/1r1miDkje0Cf3ZfUCXWHD7nUi0hwaQxqkj5iKyJpaxJmz7Dxh76EF4RLgkAVTimMQ0PRgbyRX0MKp2ctSA10iENnKmabP2PLDgchae6WL5osXD454oaH8s/zWH2QPkDHXVstnhjla21torQpRYwuPta9leeGEN5s8uQGp4vwqYWmfaoZpkvwS+9NB/lyQHki8KC1z4eKWFgf74ePr6WU1M8MKi2UrWNsKVLTUdcLtGwWQK5wf9Tw8eNwKTYtrOYJz66egLcZJjIL4FY72SXA6X8Q5LVR7MAzip0oGclgjMCotBe+EU3PqPR03aFSfSFolO58B0jfL1lg5yhgQmErc0VB4fUV9ztkuNwPCqS6cItrtJdY6Royw2PXNIxyH2q41ykE0bZmYNTUJ92xbBNHLUiRrvOS5ffV3GUUIpUCsImrunncE3ZsLJ0FLQvqoqxpoulz+YgAA4vGqu+Fw3orzpDJ5/uv4WQDyokOpfr74GNU3lcMbG4rMuK/ZHGIOvZLzHxLlGjUXkIPruhabxOKOlAWl1vdg+wjJgxbF6ar3aSrnUvN5uAbrK/9u3rcNZpyjbQz0FGabQzAwvSGrocx0fWf9FUFTvvWCJtAtMtqPloKLjNvU3IMOubAvVRjEQmGqdaoM1KTW0OqpUxiuPlYZUDi1LjkhG7uhcbNlfgWljj35/MZMmwiD6SfbXcUfesW/Ux95QnwUT4RYAMvAzzr4GWD0ENskq6EoMYgbcWaySRAmgca1unNEajh6vYL1xdfgixmYIunpr/agDL1dBCMJ4bT3NCOvwsY7yCsPP6C9W+zwq1oDdHAfd/yjQNvTOxcefVOG9f7pQ11vt16NanPDEVdFdhsebjQWFFiy7Yi7ibeVHFJ5FE6YBeXBb0nk7cDeF4yYo+qye0Q6nybheyXo50qGlDH3tsUiz9WPflipMGS1A0rTniPqLwPW1Dyz4dI0ZZVWlom/MMJsquJ+AKvG8AI3eMRg/146fzIxDfoGJk/gczYXrePNhCzvXmoPiRmJUKlrdpNUq2EOYIy1uYsGWyJQAACU/U7Sti/Xi1qoKJKEfyIkfEJ4mI7f+K4yXSrt7N/iq0gqWWtUZmKWeTqrD5Biw2mjlBm0zF1d7SRzvP854j1mjzQrNzhzc+Fwz6tfs5dcKMtYjLzsXt10xQxkc7irUCRPL5q5EvE9vd1kyhUm3CXfcsR7iNmHZReei4NxEnOreOGxAYVZNBEWAeb81E7ExNbzxQSDvsKQGbZNsV4IvRTfA6eQIh4ZQwXpDI9Fj8wzrHPVVLGiB+tlV69DQvxlTxxTi0vlZSIlQ+qcxLhPm8poB/fXuy/tQVuGF15bLi9rVF96A2Qv6g2ZTOx6XfnjN0hPFGISkwCrZpeVEHCJU7JHgS6BLf92dgbKTt6sFkX1KCayeqDC0mrwq0Bq1/wrj7XJQFiEPn2CsWCHSPQOlhihvurfVx3SN2s4vioDzT1KlhujcHG/jcdA9Jqz21jsdzNAKMqqx9JRCRC6djYToVMRGK/GI6dGVqvmuaKcUluVlMGtz1iA8xYWbz52O5vYafFoCvL/4c0Sk2vHIA/2HfW7EeCO6ffkYdO8dSmogecE0shveA8rYSgnZjTqMY7ZLiUJJZmin2ODQJK7QYEoeHivX9p2SQ2IdxwWnRLh8iXuKER6j7LDLpfOwhItFI9QnlTSiJzMd8wvT4WhXmHxxVQG+3F6Mxa8q7HjJgp/grAvdASB8HHQPU7rydMOCaJgi4gI03jIijWEFiLCaVZ1Xy3wl4/UzkzY/e7bb0O2keRA1QGY43M0Xw/pWMMca/XiHh6QGJUKhM6R9YIfQihIWqcoM6srCFx6Jtn7/HnsStm1R8UonmsNVU8KL486QI9FrN+7Jx92/eR1O8zTMm38hZuWbMG9kuQDUBsEUnZqQLGuAdiodV8QmYwT4xqTaGIDtrn78YGIOTkyahJfefZOPT9rpUOqeMbjUNGFPVg7SwpQpwhseCOR9WprUa+1tWRiAxnqW60hAWLpyrnVd41S2293Ur+yCC0vl49eIMTrJRiZn1vAsBJMdv/7NM0iMmIczZhcgxLUB5ox+EDWI7sxHcmyq0leOHvSPFAtXl193ln2YHq04NNJFHyVET8PYUwvx6KuleO7DMlR3VeDnV+ex9HJcGx7++JZxLORYqxFAqV9bQ2L74PX4HfzBCGAA6+1rUdizDmjlXy3oHjOpgQ46xhnipW14RgJzQ1yUGFxmxHb0+Cj6oZtcbQacVFqBCXtqvSyU9xwfWAOSqWuSVw9mmmpZGoFtfl4m/vyz8zEqwwG7u9wHDBSCNbhJHxgjqwzxCEc1InhbbxXMMVuZAd5x3xrc8+s5ODvenxNBf04Bz8VnkvrMaOzajMq+RQJ0GwYw3ljXGtT1jeNz1DNffb6Gvq5AXZcaxwV3K4t6oydDmP45KJheojgKPUOb1NRuXFKGE089Ez/4Vhpa2zYg3mJCWn2OEvoWG5hHIsyAndtjs2Dx+onLKTHK/zPG5KE5pgDvveXGmUs2sEY8Y2Q1brt9oerMPA7CQ7FKDu0tJdANFl2llxr4uDba5KWMMVtSXADRPNI2rCOUdXcZary54RGwldFACldXCmKtDKB6EVy30sjnzTU1ga/n5sLioYv9hssNAmTH6HftiecyFEoCrjZRNTl9tuw34R+/q4TXVoaHrr8BkfFWpHi3ChN4h4SIwzodyd4i0jPQJcC3JrlcAKZgrSjDfYvzcOv965H/1A+QZF41pFSMBC4JvlLiLAUIhhoR5s9E1mqdzaSDfjMGowIjHTBqwIJAACy3DcvyphldxdjaT88ysG/DKmRfRWy3dMjXfMdtdgG6czEvn4LptyqgG5eqxhvrN2+4TYkBIMvX6TW2FmMi62Fv7sG13w7DZbMz0G8pxEsfOXDKxdUYb3PguWdmYL9VqWxCKRWPVzMxniN0OxO6FXAkJ39/eG8AuLlc2UMifer7HX5HXXVsGBxtrejNGWh2UYitu+0YbxmW7HYAIxMsWNFAlBYZHaruPtNS/cFYb1mQ/c4kN8gO/UY2Al0xsD4vPxGvrLMqTjFdAURixNLL/rt/2LBsWRXe+79s3PqjC/DSXdkYm1mJ0Wm1QTclGMXADoUBexGPrL7Riine48aEBDduPTcHN171kjHDNWCS1E6f78aKDcaRMMR4paNMgi6DsGCVJEXQQ56//Jw+X29R0igG9ei4KVwyaDgskiwGcooR6NIGDwJcCbryN/X9FwxktZp1MIuCLJEffc+KnQ8kc8KgM5eYsfTCapZxqAwP9Zt8aC0iGhd/fj5Kff0btS1aS0wEUJKvSd86OuqVCIZ2t0r49E59bXM2taPFh460BTkY9h1OnoZhM15Js41qDlGrDrcird+KzvbeASvOxGl52Lh+YADzYCsPazVyTBNByflmYm9D8mTcKcC03HUN/vjoWvzm1nycnnkmT2CKTHjv1fX4+JMy1LttmDPvQgG4XiRGbkGMrYFNdC0w6B1RBMYEbvUReZzpS2u6S6DuF+Y5MTMjsKhvbWNmSSZ9g2Cr4VF2ZIeZGbCoGnkwgCN9FynK+0uWLMTZS8uw8NQ8zr/blZCBCAGeHJGAcQGSA8kJdF5S/1UkBn/4WGXIfmbgpOdSHt/26mqgRWHTT72wBkuXTBcs+2CAzBCMldPrtIgsXXiRAN0yNRk7M1W5MGgiL7QLg74f5TlKzboHPQHva8FXfr8wfRtevDUXzd3n4cEXN+IflZW8cNy7JAcTz0phPZja009X4ePPzHDiEtR2r8Uvf/zNiojQarxaTTagRbsGED65h4DapKknG3/Pd7x+F+FURIDWy4tsduphge+wNF4mOcHAwR4iRpGy4tAKQYxXK6GFd6UL0O0LcK5pQVd6FaVITZENzPjN4YhCx6AT5JvQyuNDcMXJJuRkLcLTL1bgttKDbLAkR7kwfuIcwY4u5E0IsTGbfXGwtoBJTH/l5GeAjYAKWtVtBaiuVgBkR3MIdm4rRXGlEzU9kjlWI02Y/4Wj03HVxQXMyiRo0G+1idtJYWCk+dZ3VeGc7y/GHXesxSMPDI2lkNww3roPH5XPxZIT+hksyT1LjjYXFIZSFzMuAMxYs3P0wKax/ojpStDl8DGxEBDg0nZhSoq+o209fntWZhCN0MDaEhaEWfRjXJRD1YpljLFclKhfaWHatNOBZ1fWoqTS7yQmvXZiTCrycmMwaWEiEsUCkN6mjHlKAETHoAiM+vQ89PkWQgnk8r4lWGoR43kDfzk3Hg5nId+fx9b3oeTFKn4/OSpN3P8RuOMKJSHQ48+Ke/Pj9G+cxutxFPgZb1L6APyRGq9eYZOab2VbVaAV2NGCOA/UqAY9+fyPM97DFZenzpyOf219D0aaL114rCUA4DmWlweiWHFoKHcerEP83KZvJOgSqw1pqILbWY2s/o3467mpapmbNFWFUYpzdsESAAxa5iobabPUdjZZ0NKRjq3NNqxcWyIYUw5r6qekTUXWCAv7/bsilHv96bpKfPE5sHyrBQWhG/DM7xaJV5X7weV4oCQgH5eYJo5biY7aMvFO+pAWS3r/V4/9GD+7ahUq82cjSzBlAkttI1AlaUNmLJPgpZUWZAJ0bVYyOg451Z74dw0uWmBSIwaGcl6kk6dGKsdi5pyhMHG5pZn6dU9VFq7923phbdDEz+Wtp2NH2BCe6kFyeB+6GizY1mrHK/cVIzbJjOjOBhRk2bBgejbHR5+cLxaUA1DvGTF5lWz57purrRomNCPDJh6Cnyw8119pw9W7nRcXR1I/+uqy0dRv4wWj2fINcsrVCfZ/sFZlpEaN7kurBmj11va8kwoDPl+8awvC2hqY8ZIln5tgXE7omDNefTOKYZNaCDUfY1VbSUmFusLIoGUt+FKg8vFmYEl4F+Lvn1Wg3lOAnuZ4WEf0ory8Gjk5Gaq2KpOGSxCUgEuSQogvUbgWwOg7BEhOyzTc97YXLW66VQVIthQL5lSIGWP4DvLnv2jwolWA8+oN63DjZXOx7uOVgtVl462tdbjg5AQVgAgcJDjFO9M4J4LbnRmwzVhvHmqBgWJYPXDgswOV+OF4neREDrz6HAYfV5t/K7AWcNnRoam7xoM7VElwQkUwy6rW4JH7M8VvDm2nndRI87PtrO0mhaWiy+Bzf3prC/9dNNcrfqMfdZ1V+OG3pmF0UiVSo0yoZWOtHy9+VIUV690odY9CRZFLsFcXrrlgJirLXlU1Y+190jJ7eb2ywobK6MV97GfNsgHmcjtKW7JQY5olgGgK4k1bWcr5prTWrm7E+IC32dkyAH9a3ZF+1qsjfdRSkwJBOyQ8Hm6tnyCUfAMZAdhHf7vQiDHhEccuLSRJABS9MBjrpZVBaiIU1WB0HG0cnVx1KKjZKJyjJyYJbrOSkq36QPPXSpMaymeo6OP8nzVgwzOViDGlY/1+B1dTsEcrSb7pIdMoGtUjIx1XD7rqpG6Pxd//2YfGvrHoTGvFlRfOxHN3zuS4XpIS6HGw3INfPvACnnlmOd69ayqumdaBe5ZmMTi/+W43KrrzfDqvAnakqfK5t9ewFqnVjA9l3tNz8uB/vKEUK6tnMkvVgipdK12jjFjQs9wIX8gYg5gPcGlxqbR/H3c9v4aLXg4318SalVZYvI4Br9NvN7lT8dSH9Rw++fBPpuGei5PxyLXZOG+SFw/cfy9WbqzCltZ1yA4vZcfmr76Typ8L77Bwn+8vtaC3tly9NjomAWvA5NdYKvSeXFQlo6cFl8YCz5XQqXjh3Q2YM30Gzv75K7jwwTRetL8pLaLDyikheUxEWwZa1j1hGpLn13mDxfO6mzuVFAi+TVxmAweTxMC2uuHvsBxWWkgOJwsiPXSmtKoaC+uIuqiGmVPHqoyXLlgyXrnqkBmpz2lJKxdvARQdyh37NQHbQ016rrK71IbFl6/DT+cX4oVfz8ajN06B25qJJ1Yr8ajspfc5jwh8aGJKkCLd0Ags2ISq386AFBLdiqXzMxHVU4yk2vl4cM07uPv5Mnx6IIcftz5vFib0Rty1dDZ+d8scjEh3sbeeNgGkhHlQ3WHHX/6ykqtEaHPfUjiYbLVJw0v3TMD4/vOZePG9V/FReY4w0XMVFr0/RL0Gl+p0U0CX3peLkHwQINHC0h/zXTzx4losuyhHrTQ8nNbd6EVO/lTVspDgzuci7sVDn4gFL2s+7/jrqN7BDkiKSHj3ySXoqinDL24Gnt43Fu9tTca769Nx1d9q0BGmaJEtbivvfKP7SEAqFxA945VgTH1MjkN53X6pKVWRUsR1UrvlTBePl5TwHJy9tAoPv3/uNwKA23ZBSZBDBCAkeQBpjBBgLLFHy3jl8yknBZKhtpq9SnSEj0gSkZBAqw8siEmpOnZSA1FpwXi9ZW1dhnXUIuv8KR0psYS+FUzwItbSiVbn4L8RsEqFkIDZwR1aVNSHjLq0r1Qlij32s/HI0x/ijsVnI+kQJi5NDgqRWnLvpyjdtQqLvj8GS741xRdNYEVipwO3XzED1zy4RYBvFa6cI0xgKOFN8FXgZWASBlJR+CgxiXvV1xiofGBVkHwym+4EZiMzamCJFKzVU4sJ3miMSKvA/X9cDU+cDYmRUxGRlIfy8CkI7a1D5y4X6nqSsbbEi1c/qkeUN1sAYznaI6MRLcx/kgHaiZUKIKE8BZT45nCcJKRNvv98HhZ++yPsTcvFgtnTkB1ajuyYGj/Y+LKNuVoGamv0+5u7CnH7+v8Tz97GGw9PDpoP4VAtPNGE8pJNGBlj5uPqwTHCPQ2ffJGKdTsrcdnCk5HnMCEywYaw/iSYsq8Qn3gC61btxYtl65EqruvOH/8CN/xtM+uN40b0+bYbK4wXyX1iEQnha9NaL/R70sEYHZ5PXIxfa/ctBuQ0vPnvlcjIysTfbpwBq2srCrKs+P3PTsVBRyHufeplPPqRHdeccS5OPy1TTdIzgABQLKyYW3LTzT9+9yLuvCvjK6ETK7l4mxWSRoLAiBEB769d2TXAmSYZL4tqPQO3utsFQ07raAiIkgiWFnd0xCnHXuMNlq+hOyUG0IRiUpIJqYlIUG11R3r1K43Keg3i+d2jBNBWKAdN6Q/5yjHc229ZhS2l38W6D5z40aIbkJeTiazRJZzVi9gdDfCSYi+eer4G+/sc7EA7fXoe/n7DVERGeQTDrGfv9vp2Ez5ZU4tVn70CG7JRUgk8+HYazpydi5GJNUpF3h7/4AoPV8KeInTxrMRGKWcB7ackIKnsssJqrWD2dfmVo3FtTgqbxJRToLU9FY+9YcK/l6/Fp7H1qNhZhCQBhNS+f4INaaPm4aV3lHvT2NPAkgeBBoFIs8cOi9vB13k44EtZwz54j+KSTVi2bA0crmzMn1WImaNTEda7SdBFxTnYTXkjbGnMbptjxqBY4NeKNcUwOV/Bs3d7kZ1N8sKqwwaP5FAzNlW4MdGThQlhbnUHHPVtXa9F9F0ZFp2Xj8qPD+DlF1fygkWNIhk2tY7EPTfP4EiTUTnTOfIhMqoUT8Z2C2uhAp2Nis5O94EjL/Y3GEpCcvGkfs2KyWUQJsCtMU3DB+vcWNdTjtEnizFRWoVfLv8cDyxKRXFlrQDfRowW0+fvN1yI2g4znnh5Pd77Z5k4bxuPsWXLpsMdukZNYRkTMQqlPam49TcbsL+SLJUlWNB3EAttXzEHnQDKzPyCgJdmzY/ArQ91DmC6EoSpGMPUUTZjjdZnwXen5qmgq9V4GQ8PY3ftkIGX6Doh+7629YZSQ0O7T3yWGcVkkgkjPcZqDoihkyvRpiKnV3YAieMj00d5EfK5spKFt3zlzJ+eqhD89copKK904LFXP1XuY1IIbPUp7MxKCysTIFHN1Rce++EN8LSV+xhuPQfuFVe6sL8uB795cj2Hcy1ZMBsLJgOdLS4OK9r0wWq82FbLx6R7E5YyAjEdxbhkjpczfWlbe2QJ0rpzUCPmtLU8kyf9gaaZ4h0HTooswiXxKWrgf3RnO7ZXJOHLmi2sS47IyROgMQX9rZUMIF802HD305+IRaBcnEsmYgXoSiZIIOLsyzosxmvEfp9/nsK6PPjDY6tEP2Rz5EWb14ycZEVXqztg4805NpTB5tmI5bfOgOdEE0a7vxDvfjmkbcHB2gnTU8SYLFFZqdRWaQFLSVOud8OHK3DPknzk5s9VxrFYMDsF0D2+vJjvG/UfUKncV3FPH/jlbDz53Ov4tCiLwTMLxXwv6NiS0WsdplQt+Z3N6ahxZqF2raLE7d9eiZzENcjPz8XjZ2UjMo6mcS6Kq7wsDzmT6/D4hd8R983MvxsTCWbA1HYIk/zlDzfjZz96CbWcGU6C1EE0esuxIK4Hj/8kDX96pwr7X6nFwgUp//NWJsWEU8+5wzp8u10D25vP7x+QBF3rbyJLXJ9rgSMatNZPbSmQlR4gNTD4VtRixvnfObZSgzvf5A3dZJyRR51oBLoCfNt2bkf0aTMCgDuyp0Uw2zjuAG0sr9xBoq9CkZIYix7KKG8Ox1exhWX2MejOzSlG4Y8KeYIQkyRNMDHOD0w8Kd1b1DzxCuCm4/Ynq5EhWBI5s9jpFZvK4NhqqUW6LRwTL8pHdf9c1vf211uwKGYv1pc4cPVuC+67NRPpgg0RE2WdFCGoQa3qeCKn05/+VYcHvp+MvOw0tDZtQn9lDBzOcDy3OgKrG94RE/A7OGWcAsY9rUoccJPbhkdfEhN/xCI4Q9aI84hHI2/z9Ts0XLZ0ZrwWi1PdKHG44KtQlD28KWDBjDn4YH2lYL5T0NBZh7QQN0JT0zjq4plnSvDCU0niO28B7qMwmcVv5xfMRWeT/z5JYCRt/aBLAD2qWPg4UJ0mWK3C7vtbxf2MCcN5145E2MvNDIR0/6ZEKMU2w8LfwNnnp6Por/2447ka/PZiOxIFwSwr78WMxC7sIAklRxy3PocBuNQzC684/g+jQ9KFBZiOg29W4LwrLsUpEasxOp2yyNUgOVpZEHILs1Ag1qPnPrXw71Jujp+dk4mCuB2I9V3GKeOAsZlpqI0vRHybh9lwZ7OLxyQt6CR/VLbXomL7aly2OJ+P/7/eZC5eRWpwDag+UVpWqRI+bUSVZL4uwQK1oEuhrOTYh7BMCMvIWbcnOnmAvCpx0B4ad+yAl9rpo6bj402rjRmxl1aI5AB6rs3XIDdgaOPoZKPOiDHX42CJGLyn+IGXOrA8JkHVjL8KGcrU3AkCcK5YfCluuc+LnCtmIavzn4ixpYrrLIPVEiqArpIdJkrsZhM7qQj0PivPYu90WlixMPun4YxZNmZRNKEZdH1xnpHpYXBVZTKr+sHEdNxVSGhjw6SFOXj/dQduva8KN4vvJ3RvY0vE7K1CZ2c6bKYcvLMtk3XJvFQz/vi2Eg5Fk5TMVSeiBKN04M/X3iAm4wY07FUyzVHM7PYSJ/76ZjEWL5iG51euxHXfn4XGnuIARxcBe0nJFsybSYtu0VFlS05rMfrrHBg924NxSZUI745Bt/kzRFgEENeUHfV7SXqo1+lAd8dsWFOS1Nhius700H6kW6tx6ZIf4tnHf4+GXsUaoQ0PlDci0rFH3Lup+HKvmxdQmwAGslrIQZoamYXqDrIQc/Cr5eVYsvB7LBltto/giBDszUeNJQsfbBXAW7IWt4oDF2R4xcJtQdm0LDz8+3uwMy0Pv/h2mmC+jWpIH1kk6dHAnZdMwc+X5eHq37wmALiKf/fKxcnsFM02F/HYSW0u5e/Rmhga6UR3Qz8yxOK5s92OVeVmuGILMGW0YIimr1huCAGUlOdFC7wy86HEHa3Uyc9RPOyf0e5cKyjIHfb3h+V2LtkfvAZatjD9OIwjRAkp27R/74DIBmukbQDoSrZLcXYbiw8MOG5ax1czPRlt860qVnTp5R9uYs8zMRh6kKeaQIP+kp5KoUlv7IvGR59VMehSu3LxLJx5zghmwzShuI80wfUUuP/Q/73Ok2r+rDxm0yQvpDeUc3C+s9WLF1dsxLubvahw5WJnTTb2lCfjkdeKsXnnZ8gOK8FPr1uAefOn8zGozZ99OfpaQzA2OhGvvL8Wzd2T2XlGC0J5YyLn3o1McOCcKeNQXekYoB9Tq++qR0lZCec2GLa2qitAqY8E2bt1A1JDPczMKA2jdD5RwvbkRNvRuXG6c6h358AW6wslGt0XsDmDTP2NOzfhhp8twQsr1uCLXW4Ut0xEUbmJ+6y3oQxf1mzAeecJ5tw6Clkj5vD3ajvLcNnCdH5Qo3tOILt2Xx32NWTx49mVlVi924ykvkQGXbq3MeJ7hdFeXLTwB+hp7Mf6Yisv2NqwM9p6TAt0lLCg7rttMQrHZaGmx4J7n3qFJYa1ZRF8frTrj8YffZ/PqdvOkUUUlvbhWjcavTbeuKPPCzEY4fhvNdpKLkG31SCH9+79GwPid7VhZMSCu70D5V25eYJadd/AtAYyTcJ/ZOfaGefPx+ObXzR8j0LNqvs8qtRAVYIHyBGD5uQVndAZGPpLKxcdiwrYsRmuydfwv7R9WJ6LTFTz1xVWrHiZcivk4bJlo/DhG/24ebmdNdH8LMUkj+2oRZWY1PUdZTzIL5idhYys6XjuexaO/QyLqUdPc7mq29NEcTiV3TM0', '', '7gskbun_5XY6i5kYY4uQxV', '1', null, '1', '0', '2021-04-20 16:07:31', '2021-04-20 16:07:31', '0');
INSERT INTO `graphic` VALUES ('6', 'M3WXmZ9MvqSupx-IMQMhhy', null, '<p>ทดสอบการสร้างข้อมูล</p><p>สดเาเกาดเากดเากดเดเ</p><p>กดเกดเ</p><p>กดเกด</p><p>กดเ</p><p>กดเ</p>', '', '9GedsTo9AEvBQjjKYiQ-6O', '1', null, '1', '0', '2021-04-20 16:51:35', '2021-04-20 16:51:35', '0');

-- ----------------------------
-- Table structure for migration
-- ----------------------------
DROP TABLE IF EXISTS `migration`;
CREATE TABLE `migration` (
  `version` varchar(180) NOT NULL,
  `apply_time` int(11) DEFAULT NULL,
  PRIMARY KEY (`version`)
) ENGINE=InnoDB DEFAULT CHARSET=utf8;

-- ----------------------------
-- Records of migration
-- ----------------------------
INSERT INTO `migration` VALUES ('m000000_000000_base', '1617556826');
INSERT INTO `migration` VALUES ('m140209_132017_init', '1617556830');
INSERT INTO `migration` VALUES ('m140403_174025_create_account_table', '1617556830');
INSERT INTO `migration` VALUES ('m140504_113157_update_tables', '1617556831');
INSERT INTO `migration` VALUES ('m140504_130429_create_token_table', '1617556831');
INSERT INTO `migration` VALUES ('m140830_171933_fix_ip_field', '1617556831');
INSERT INTO `migration` VALUES ('m140830_172703_change_account_table_name', '1617556831');
INSERT INTO `migration` VALUES ('m141222_110026_update_ip_field', '1617556831');
INSERT INTO `migration` VALUES ('m141222_135246_alter_username_length', '1617556831');
INSERT INTO `migration` VALUES ('m150614_103145_update_social_account_table', '1617556831');
INSERT INTO `migration` VALUES ('m150623_212711_fix_username_notnull', '1617556831');
INSERT INTO `migration` VALUES ('m151218_234654_add_timezone_to_profile', '1617556831');
INSERT INTO `migration` VALUES ('m160929_103127_add_last_login_at_to_user_table', '1617556832');

-- ----------------------------
-- Table structure for privilege
-- ----------------------------
DROP TABLE IF EXISTS `privilege`;
CREATE TABLE `privilege` (
  `id` int(11) NOT NULL AUTO_INCREMENT,
  `user_id` int(11) DEFAULT NULL,
  `edit_project` int(1) DEFAULT 0 COMMENT 'แก้ไขรายละเอียดงาน 0 = ไม่มีสิทธิ์ 1 = มีสิทธิ์',
  `notify_customer` int(1) DEFAULT 0 COMMENT 'แจ้งงานลูกค้าทราบ 0 = ไม่มีสิทิ์ 1 = มีสิทธิ์',
  `edit_tranfer` int(1) DEFAULT 0 COMMENT 'ข้อมูลการจัดส่ง 0 = ไม่มีสิทธิ์ 1 = มีสิทธิ์',
  `approve` int(1) DEFAULT 0 COMMENT 'สิทธิ์ยืนยันงาน 0 = ไม่มีสิทธิ์ 1 = มีสิทธิ์',
  PRIMARY KEY (`id`)
) ENGINE=MyISAM AUTO_INCREMENT=8 DEFAULT CHARSET=utf8 COMMENT='สิทธิ์การใช้งาน';

-- ----------------------------
-- Records of privilege
-- ----------------------------
INSERT INTO `privilege` VALUES ('1', '5', '1', '0', '0', '0');
INSERT INTO `privilege` VALUES ('6', '6', '0', '0', '0', '0');
INSERT INTO `privilege` VALUES ('7', '1', '1', '1', '1', '0');

-- ----------------------------
-- Table structure for profile
-- ----------------------------
DROP TABLE IF EXISTS `profile`;
CREATE TABLE `profile` (
  `user_id` int(11) NOT NULL,
  `name` varchar(255) COLLATE utf8_unicode_ci DEFAULT NULL,
  `public_email` varchar(255) COLLATE utf8_unicode_ci DEFAULT NULL,
  `gravatar_email` varchar(255) COLLATE utf8_unicode_ci DEFAULT NULL,
  `gravatar_id` varchar(32) COLLATE utf8_unicode_ci DEFAULT NULL,
  `location` varchar(255) COLLATE utf8_unicode_ci DEFAULT NULL,
  `website` varchar(255) COLLATE utf8_unicode_ci DEFAULT NULL,
  `bio` text COLLATE utf8_unicode_ci DEFAULT NULL,
  `timezone` varchar(40) COLLATE utf8_unicode_ci DEFAULT NULL,
  `tel` varchar(20) COLLATE utf8_unicode_ci DEFAULT NULL,
  `department` int(11) DEFAULT NULL,
  `position` varchar(255) COLLATE utf8_unicode_ci DEFAULT NULL,
  `nickname` varchar(100) COLLATE utf8_unicode_ci DEFAULT NULL,
  PRIMARY KEY (`user_id`),
  CONSTRAINT `fk_user_profile` FOREIGN KEY (`user_id`) REFERENCES `user` (`id`) ON DELETE CASCADE
) ENGINE=InnoDB DEFAULT CHARSET=utf8 COLLATE=utf8_unicode_ci;

-- ----------------------------
-- Records of profile
-- ----------------------------
INSERT INTO `profile` VALUES ('1', null, null, null, null, null, null, null, null, null, null, null, null);
INSERT INTO `profile` VALUES ('2', 'ทดสอบ', null, null, null, null, null, '', null, '0800260943', null, null, 'ทดสอบ');
INSERT INTO `profile` VALUES ('3', 'demo demo', '', '', 'd41d8cd98f00b204e9800998ecf8427e', '', '', '', null, null, null, null, null);
INSERT INTO `profile` VALUES ('5', 'demo demo', null, null, null, null, null, '', null, '0800260943', null, null, 'test');
INSERT INTO `profile` VALUES ('6', 'kimniyom', null, null, null, null, null, 'ทำงานด้านออกแบบ', null, '0821684717', null, null, 'kang');

-- ----------------------------
-- Table structure for rule
-- ----------------------------
DROP TABLE IF EXISTS `rule`;
CREATE TABLE `rule` (
  `id` int(11) unsigned NOT NULL AUTO_INCREMENT,
  `department_id` int(11) DEFAULT NULL,
  `user_id` int(11) DEFAULT NULL,
  `active` int(1) DEFAULT 1 COMMENT '0 = ไม่ใช้งาน  1 = ใช้งาน',
  PRIMARY KEY (`id`)
) ENGINE=InnoDB AUTO_INCREMENT=26 DEFAULT CHARSET=utf8 COMMENT='สิทธิ์การเข้าถึงแผนก';

-- ----------------------------
-- Records of rule
-- ----------------------------
INSERT INTO `rule` VALUES ('4', '1', '3', '1');
INSERT INTO `rule` VALUES ('5', '2', '3', '1');
INSERT INTO `rule` VALUES ('9', '1', '1', '1');
INSERT INTO `rule` VALUES ('10', '2', '1', '1');
INSERT INTO `rule` VALUES ('11', '4', '1', '1');
INSERT INTO `rule` VALUES ('13', '5', '1', '1');
INSERT INTO `rule` VALUES ('14', '6', '1', '1');
INSERT INTO `rule` VALUES ('15', '7', '1', '1');
INSERT INTO `rule` VALUES ('16', '8', '1', '1');
INSERT INTO `rule` VALUES ('17', '9', '1', '1');
INSERT INTO `rule` VALUES ('18', '1', '2', '1');
INSERT INTO `rule` VALUES ('19', '2', '2', '1');
INSERT INTO `rule` VALUES ('20', '3', '2', '1');
INSERT INTO `rule` VALUES ('21', '4', '2', '1');
INSERT INTO `rule` VALUES ('22', '5', '2', '1');
INSERT INTO `rule` VALUES ('23', '3', '1', '1');

-- ----------------------------
-- Table structure for social_account
-- ----------------------------
DROP TABLE IF EXISTS `social_account`;
CREATE TABLE `social_account` (
  `id` int(11) NOT NULL AUTO_INCREMENT,
  `user_id` int(11) DEFAULT NULL,
  `provider` varchar(255) COLLATE utf8_unicode_ci NOT NULL,
  `client_id` varchar(255) COLLATE utf8_unicode_ci NOT NULL,
  `data` text COLLATE utf8_unicode_ci DEFAULT NULL,
  `code` varchar(32) COLLATE utf8_unicode_ci DEFAULT NULL,
  `created_at` int(11) DEFAULT NULL,
  `email` varchar(255) COLLATE utf8_unicode_ci DEFAULT NULL,
  `username` varchar(255) COLLATE utf8_unicode_ci DEFAULT NULL,
  PRIMARY KEY (`id`),
  UNIQUE KEY `account_unique` (`provider`,`client_id`),
  UNIQUE KEY `account_unique_code` (`code`),
  KEY `fk_user_account` (`user_id`),
  CONSTRAINT `fk_user_account` FOREIGN KEY (`user_id`) REFERENCES `user` (`id`) ON DELETE CASCADE
) ENGINE=InnoDB DEFAULT CHARSET=utf8 COLLATE=utf8_unicode_ci;

-- ----------------------------
-- Records of social_account
-- ----------------------------

-- ----------------------------
-- Table structure for timeline
-- ----------------------------
DROP TABLE IF EXISTS `timeline`;
CREATE TABLE `timeline` (
  `id` int(11) NOT NULL AUTO_INCREMENT,
  `customer_id` int(11) DEFAULT NULL COMMENT 'รหัสลูกค้า',
  `ref` varchar(100) DEFAULT NULL COMMENT 'รหัสใช้อ้างอิง',
  `department` int(3) DEFAULT NULL COMMENT 'แผนกที่บันทึก',
  `user_id` int(11) DEFAULT NULL COMMENT 'รหัสผู้บันทึกข้อมูล',
  `log` varchar(255) DEFAULT NULL COMMENT 'รายละเอียด',
  `d_update` timestamp NULL DEFAULT NULL ON UPDATE current_timestamp() COMMENT 'วันที่บันทึกข้อมูล',
  `todep` varchar(2555) DEFAULT NULL COMMENT 'แผนกที่ส่งไป',
  `flag` int(1) DEFAULT 0 COMMENT '0 = กำลังผลิต 1 = Success 2 = Cancel',
  PRIMARY KEY (`id`)
) ENGINE=InnoDB AUTO_INCREMENT=22 DEFAULT CHARSET=utf8;

-- ----------------------------
-- Records of timeline
-- ----------------------------
INSERT INTO `timeline` VALUES ('5', null, 'EVawA3izzajfxIR9lREUdr', '1', '2', 'บันทึกข้อมูลการรับงาน', '2021-04-20 11:10:11', 'บัญชี', '0');
INSERT INTO `timeline` VALUES ('6', null, 'EVawA3izzajfxIR9lREUdr', '4', '2', 'รับงาน', '2021-04-20 14:37:51', 'กราฟิก / ออกแบบ', '0');
INSERT INTO `timeline` VALUES ('7', null, 'cKFxaRmd48wawnBIKP6gp9', '1', '2', 'บันทึกข้อมูลการรับงาน', '2021-04-20 15:15:24', 'บัญชี', '0');
INSERT INTO `timeline` VALUES ('8', null, 'iaEY0EcmD4yUAgS39owt6t', '1', '2', 'บันทึกข้อมูลการรับงาน', '2021-04-20 15:17:12', 'บัญชี', '0');
INSERT INTO `timeline` VALUES ('9', null, 'iaEY0EcmD4yUAgS39owt6t', '4', '2', 'รับงาน', '2021-04-20 15:20:28', 'กราฟิก / ออกแบบ', '0');
INSERT INTO `timeline` VALUES ('10', null, 'cKFxaRmd48wawnBIKP6gp9', '1', '1', 'ยกเลิกงาน', '2021-04-20 15:27:50', 'ยกเลิกงาน', '2');
INSERT INTO `timeline` VALUES ('11', null, 'EVawA3izzajfxIR9lREUdr', '3', '1', 'กราฟิกรับงาน', '2021-04-20 15:57:14', 'ยังไม่มีการส่งไปยังแผนกอื่น', '0');
INSERT INTO `timeline` VALUES ('12', null, 'iaEY0EcmD4yUAgS39owt6t', '3', '1', 'กราฟิกรับงาน', '2021-04-20 16:07:31', 'ยังไม่มีการส่งไปยังแผนกอื่น', '0');
INSERT INTO `timeline` VALUES ('13', null, 'M3WXmZ9MvqSupx-IMQMhhy', '1', '1', 'บันทึกข้อมูลการรับงาน', '2021-04-20 16:08:59', 'บัญชี', '0');
INSERT INTO `timeline` VALUES ('14', null, 'M3WXmZ9MvqSupx-IMQMhhy', '4', '1', 'รับงาน', '2021-04-20 16:09:33', 'กราฟิก / ออกแบบ', '0');
INSERT INTO `timeline` VALUES ('15', null, 'M3WXmZ9MvqSupx-IMQMhhy', '3', '1', 'กราฟิกรับงาน', '2021-04-20 16:20:21', 'ยังไม่มีการส่งไปยังแผนกอื่น', '0');
INSERT INTO `timeline` VALUES ('16', null, 'M3WXmZ9MvqSupx-IMQMhhy', '3', '1', 'กราฟิกรับงาน', '2021-04-20 16:24:48', 'ยังไม่มีการส่งไปยังแผนกอื่น', '0');
INSERT INTO `timeline` VALUES ('17', null, 'M3WXmZ9MvqSupx-IMQMhhy', '3', '1', 'กราฟิกรับงาน', '2021-04-20 16:33:39', 'ยังไม่มีการส่งไปยังแผนกอื่น', '0');
INSERT INTO `timeline` VALUES ('18', null, 'M3WXmZ9MvqSupx-IMQMhhy', '3', '1', 'กราฟิกรับงาน', '2021-04-20 16:35:46', 'ยังไม่มีการส่งไปยังแผนกอื่น', '0');
INSERT INTO `timeline` VALUES ('19', null, 'M3WXmZ9MvqSupx-IMQMhhy', '3', '1', 'กราฟิกรับงาน', '2021-04-20 16:39:15', 'ยังไม่มีการส่งไปยังแผนกอื่น', '0');
INSERT INTO `timeline` VALUES ('20', null, 'M3WXmZ9MvqSupx-IMQMhhy', '3', '1', 'กราฟิกรับงาน', '2021-04-20 16:49:10', 'ยังไม่มีการส่งไปยังแผนกอื่น', '0');
INSERT INTO `timeline` VALUES ('21', null, 'M3WXmZ9MvqSupx-IMQMhhy', '3', '1', 'กราฟิกรับงาน', '2021-04-20 16:51:35', 'ยังไม่มีการส่งไปยังแผนกอื่น', '0');

-- ----------------------------
-- Table structure for token
-- ----------------------------
DROP TABLE IF EXISTS `token`;
CREATE TABLE `token` (
  `user_id` int(11) NOT NULL,
  `code` varchar(32) COLLATE utf8_unicode_ci NOT NULL,
  `created_at` int(11) NOT NULL,
  `type` smallint(6) NOT NULL,
  UNIQUE KEY `token_unique` (`user_id`,`code`,`type`),
  CONSTRAINT `fk_user_token` FOREIGN KEY (`user_id`) REFERENCES `user` (`id`) ON DELETE CASCADE
) ENGINE=InnoDB DEFAULT CHARSET=utf8 COLLATE=utf8_unicode_ci;

-- ----------------------------
-- Records of token
-- ----------------------------
INSERT INTO `token` VALUES ('1', 'tlftZ3ffWRyuYHSUCJ-x3YF0glWGHZBL', '1617557092', '0');

-- ----------------------------
-- Table structure for uploads
-- ----------------------------
DROP TABLE IF EXISTS `uploads`;
CREATE TABLE `uploads` (
  `upload_id` int(11) NOT NULL AUTO_INCREMENT,
  `ref` varchar(100) DEFAULT NULL,
  `file_name` varchar(150) DEFAULT NULL COMMENT 'ชื่อไฟล์',
  `real_filename` varchar(150) DEFAULT NULL COMMENT 'ชื่อไฟล์จริง',
  `create_date` timestamp NULL DEFAULT current_timestamp(),
  `type` int(11) DEFAULT NULL COMMENT 'ประเภท',
  `customer_id` int(11) DEFAULT NULL COMMENT 'รหัสลูกค้า',
  `typefile` varchar(50) DEFAULT NULL,
  PRIMARY KEY (`upload_id`)
) ENGINE=InnoDB AUTO_INCREMENT=27 DEFAULT CHARSET=utf8;

-- ----------------------------
-- Records of uploads
-- ----------------------------
INSERT INTO `uploads` VALUES ('4', 'Xb3SesqT3v_Tml0FWJpPqZ', 'RawQ-Android.png', '2708667e5e64744b7197d233402e80da.png', '2021-04-15 20:57:03', null, null, null);
INSERT INTO `uploads` VALUES ('5', 'Xb3SesqT3v_Tml0FWJpPqZ', 'business-infographic-step-flat-simple-template-design-black-background-business-infographic-step-flat-black-142414283.jpg', '48d8a014663659ff05819c52262c6ff2.jpg', '2021-04-15 20:57:50', null, null, null);
INSERT INTO `uploads` VALUES ('6', 'QFL0OnpzYwt6hjY62FgbbL', 'fancy_uikit_12.jpg', '402148fc3fccdb697c099031e3d4a0f5.jpg', '2021-04-15 20:59:19', null, null, null);
INSERT INTO `uploads` VALUES ('7', 'QFL0OnpzYwt6hjY62FgbbL', 'ipad1.jpg', 'b375f8105ff5b096a3a54c5505ee77ac.jpg', '2021-04-15 21:26:36', null, null, null);
INSERT INTO `uploads` VALUES ('10', 'kjA8s4eFTtNKrv0pz7fnAW', 'คู่มือติดตั้ง  Application Tak Covid-19 Tracking.pdf', 'fa844a55dc00cef96ee9f843da2d3082.pdf', '2021-04-15 22:02:50', null, null, null);
INSERT INTO `uploads` VALUES ('11', 'BmpfVnSz5jde7zyEgMYQtf', 'S__26427412.jpg', '3bfb24cdc1c76eeb4090df0e42fc2027.jpg', '2021-04-15 23:52:02', null, null, null);
INSERT INTO `uploads` VALUES ('12', 'KAyxp3AvB4R-kt8dYvzGzi', 'S__26427413.jpg', '36dc90643ee75c7874277bbdb13cdd97.jpg', '2021-04-15 23:56:12', null, null, null);
INSERT INTO `uploads` VALUES ('13', 'KAyxp3AvB4R-kt8dYvzGzi', 'S__26427413.jpg', '29b20a360b7838d7517cc886f2680cf1.jpg', '2021-04-15 23:56:27', null, null, null);
INSERT INTO `uploads` VALUES ('14', 'UDWK-DAQc70Et3wK9u6p0B', 'Build-ionic.txt', '28a0b627b8dcce1b96028d9f11645392.txt', '2021-04-16 00:51:10', null, null, null);
INSERT INTO `uploads` VALUES ('15', 'cKFxaRmd48wawnBIKP6gp9', 'main-kstudio.jpg', '87bdd1b615f008b7320a750752b7fcaf.jpg', '2021-04-18 00:25:45', null, null, null);
INSERT INTO `uploads` VALUES ('16', 'cKFxaRmd48wawnBIKP6gp9', 'icon-l.png', '746230aa8bf8d8eb259cebe8b4daa622.png', '2021-04-18 01:20:45', null, null, null);
INSERT INTO `uploads` VALUES ('17', 'cKFxaRmd48wawnBIKP6gp9', '170187.jpg', '0f42c3a7a4c2115cdadb02aa3f87d875.jpg', '2021-04-18 01:23:25', null, null, null);
INSERT INTO `uploads` VALUES ('21', 'cKFxaRmd48wawnBIKP6gp9', 'คู่มือติดตั้ง  Application Tak Covid-19 Tracking.pdf', '36511bfd0bd56c8be10e022e1e56309c.pdf', '2021-04-18 17:14:28', null, null, '2');
INSERT INTO `uploads` VALUES ('22', 'cKFxaRmd48wawnBIKP6gp9', 'mikedonovandesign-ui-kit-flat-dark.png', 'c6acaf65738808e7996ca1f293893926.png', '2021-04-18 17:15:00', null, null, '1');
INSERT INTO `uploads` VALUES ('23', 'M3WXmZ9MvqSupx-IMQMhhy', 'RawQ-Android.png', 'b11b0343ea88712704aa4461722d7ba0.png', '2021-04-19 00:19:24', null, null, '1');
INSERT INTO `uploads` VALUES ('24', '5GUUxMgM-wXJFSbGtXW2WO', '128592597_109666597638698_2792228581842476147_o.jpg', '505b39ed6a9697b46782d7b126ac638d.jpg', '2021-04-19 16:25:02', null, null, '1');
INSERT INTO `uploads` VALUES ('25', '5GUUxMgM-wXJFSbGtXW2WO', '129480353_110908537514504_217742368336997507_o.jpg', '6d03ee4d24a5f623ade36c2e7abbeaec.jpg', '2021-04-19 16:25:02', null, null, '1');
INSERT INTO `uploads` VALUES ('26', '9GedsTo9AEvBQjjKYiQ-6O', 'logo-qt.png', '6a32df5681ed5edc0ca3b76ebd858642.png', '2021-04-20 16:41:21', null, null, '1');

-- ----------------------------
-- Table structure for user
-- ----------------------------
DROP TABLE IF EXISTS `user`;
CREATE TABLE `user` (
  `id` int(11) NOT NULL AUTO_INCREMENT,
  `username` varchar(255) COLLATE utf8_unicode_ci NOT NULL,
  `email` varchar(255) COLLATE utf8_unicode_ci NOT NULL,
  `password_hash` varchar(60) COLLATE utf8_unicode_ci NOT NULL,
  `auth_key` varchar(32) COLLATE utf8_unicode_ci NOT NULL,
  `confirmed_at` int(11) DEFAULT NULL,
  `unconfirmed_email` varchar(255) COLLATE utf8_unicode_ci DEFAULT NULL,
  `blocked_at` int(11) DEFAULT NULL,
  `registration_ip` varchar(45) COLLATE utf8_unicode_ci DEFAULT NULL,
  `created_at` int(11) NOT NULL,
  `updated_at` int(11) NOT NULL,
  `flags` int(11) NOT NULL DEFAULT 0,
  `last_login_at` int(11) DEFAULT NULL,
  `status` char(11) COLLATE utf8_unicode_ci DEFAULT 'U' COMMENT 'U = User,A = Admin,M = Manager',
  PRIMARY KEY (`id`),
  UNIQUE KEY `user_unique_username` (`username`),
  UNIQUE KEY `user_unique_email` (`email`)
) ENGINE=InnoDB AUTO_INCREMENT=7 DEFAULT CHARSET=utf8 COLLATE=utf8_unicode_ci;

-- ----------------------------
-- Records of user
-- ----------------------------
INSERT INTO `user` VALUES ('1', 'admin', 'kimniyomclub@gmail.com', '$2y$12$MenOVpHsMKOW0zYIFAD1ruqkamrLlEG1YIkcKOD9/eGmR9ECXzzsO', 'eVObZ98v26jv2RAmbdeUIlaHK4uJ8S-8', '1617557741', null, null, '::1', '1617557092', '1617557092', '0', '1618907185', 'A');
INSERT INTO `user` VALUES ('2', 'demo', 'demo@gmail.com', '$2y$12$xLtGys.g2KKktF2/5Ytruu0VkWh2oYdHiDACmKztM.gWkzNS.QugC', 'plDiCAlz6oFWCndrv4WHPeObSu1Ucf5-', '1617559566', null, null, '::1', '1617559566', '1617989452', '0', '1618891139', 'U');
INSERT INTO `user` VALUES ('3', 'test', 'test@gmail.com', '$2y$12$xigkYiCrgq0WBx99U9.AHeesTmAPlVvs4DBzo7TTv5hHu0/PJAGEC', 'xarpZbvmW6kRpH6_7L8DLCjo_nv8HBum', '1617640742', null, null, '::1', '1617640742', '1617640783', '0', null, 'A');
INSERT INTO `user` VALUES ('5', 'pdk', 'pdk@gmail.com', '$2y$12$L23eye2iC9BD5gYlCIr30u6AujEdO6J/.dZK55XlM56Jl5au9PHxq', '-GYruuDz28hFZZFRm0HbtzO9vwWI2MVC', '1617990517', null, null, '::1', '1617990517', '1617990517', '0', null, 'U');
INSERT INTO `user` VALUES ('6', 'kimniyom', '123@gmail.com', '$2y$12$NL13psXOId80ykwkmNYdte/GXhrd/jXsHNms.WpWO.N6O6fVnAS42', 'b3uR2qjlXICxPVN7h-FDBTWMUON8R7v0', '1618703595', null, null, '::1', '1618703595', '1618703595', '0', '1618704003', 'U');
